Total,Answered,Expired,%Expired,MRT,MRT1,MRT2,MRT3,MRT4,#Runs
39,31,8,20.51,9.95,8.27,12.21,9.86,11.69,50
41,34,7,17.07,10.95,8.49,12.11,11.72,12.93,50
40,18,22,55.0,9.28,8.18,7.91,11.63,6.67,50
42,25,17,40.48,9.83,9.7,10.48,8.84,10.88,50
46,23,23,50.0,10.77,12.48,7.97,11.94,8.16,50
42,33,9,21.43,10.48,8.16,12.66,11.82,10.68,50
44,25,19,43.18,10.05,9.04,9.63,13.45,11.25,50
39,28,11,28.21,8.78,7.73,9.03,10.72,7.59,50
41,25,16,39.02,10.94,10.31,13.34,10.59,3.86,50
38,28,10,26.32,9.47,7.84,12.12,11.27,6.87,50
43,22,21,48.84,9.07,7.77,9.78,10.71,0,50
42,29,13,30.95,10.18,8.93,9.27,13.15,9.1,50
47,34,13,27.66,8.51,8.01,8.78,10.15,7.74,50
34,26,8,23.53,10.0,7.89,8.43,13.14,12.75,50
35,28,7,20.0,9.38,8.09,12.84,8.9,12.16,50
38,19,19,50.0,9.64,7.67,8.87,11.12,11.27,50
46,34,12,26.09,9.59,7.57,10.5,10.15,10.72,50
35,16,19,54.29,10.46,8.92,9.45,16.99,6.17,50
37,20,17,45.95,9.2,8.39,8.79,9.47,10.84,50
44,25,19,43.18,11.13,9.22,11.48,13.32,11.55,50
36,25,11,30.56,11.46,9.3,10.98,13.79,15.51,50
39,31,8,20.51,10.76,8.89,14.38,12.77,6.64,50
32,26,6,18.75,8.29,6.86,7.67,11.01,7.94,50
38,32,6,15.79,11.21,10.31,11.22,10.85,16.8,50
42,28,14,33.33,11.22,10.07,11.79,11.53,16.26,50
34,23,11,32.35,9.64,9.08,6.52,12.33,10.44,50
42,25,17,40.48,9.74,7.48,12.83,12.18,9.58,50
45,17,28,62.22,9.94,8.81,13.2,9.22,0,50
41,25,16,39.02,10.91,10.39,11.3,10.66,13.24,50
37,24,13,35.14,10.14,10.82,7.63,8.28,10.61,50
44,35,9,20.45,9.17,8.01,11.03,8.98,9.66,50
43,25,18,41.86,10.77,10.36,11.82,9.15,9.59,50
45,35,10,22.22,10.59,9.08,10.95,13.53,10.13,50
49,28,21,42.86,9.29,8.08,9.98,9.14,12.93,50
41,27,14,34.15,11.16,11.3,10.0,14.04,12.52,50
38,21,17,44.74,10.43,6.44,10.38,12.95,12.48,50
37,25,12,32.43,9.3,7.21,13.22,8.86,8.54,50
41,23,18,43.9,11.07,9.31,19.08,10.6,10.48,50
45,22,23,51.11,11.49,12.14,8.7,13.88,15.0,50
41,22,19,46.34,12.13,9.38,14.03,15.25,12.85,50
43,31,12,27.91,9.25,8.93,7.63,14.33,9.18,50
43,31,12,27.91,11.38,10.9,9.87,13.3,11.86,50
37,20,17,45.95,12.45,12.02,11.98,15.1,8.66,50
35,32,3,8.57,8.72,6.68,10.0,9.52,8.45,50
33,23,10,30.3,10.22,9.69,10.78,8.64,11.54,50
38,28,10,26.32,9.93,7.5,12.22,10.69,6.5,50
30,26,4,13.33,9.23,6.61,9.93,10.47,9.17,50
49,27,22,44.9,10.89,8.9,10.63,13.5,9.56,50
40,23,17,42.5,8.27,6.86,8.68,9.46,10.89,50
50,36,14,28.0,10.65,8.93,12.57,11.15,11.56,50
43,27,16,37.21,11.5,9.6,11.71,12.36,12.65,50
39,33,6,15.38,11.33,10.19,9.95,12.67,12.65,50
36,21,15,41.67,10.25,10.86,8.31,13.14,13.57,50
36,19,17,47.22,10.22,8.47,11.13,12.09,13.9,50
44,33,11,25.0,9.54,8.29,11.24,9.4,6.32,50
42,30,12,28.57,10.21,8.34,12.28,11.0,11.51,50
35,20,15,42.86,10.93,8.3,13.15,14.07,10.96,50
44,26,18,40.91,10.32,8.7,8.55,12.87,14.85,50
34,28,6,17.65,11.92,7.42,12.65,14.87,14.12,50
35,26,9,25.71,9.19,5.5,10.0,10.88,8.37,50
43,28,15,34.88,10.24,7.96,13.07,10.6,9.76,50
37,18,19,51.35,8.59,7.41,9.55,8.93,8.26,50
47,35,12,25.53,9.65,7.84,9.14,12.55,7.52,50
42,29,13,30.95,11.42,11.3,11.87,10.9,11.61,50
40,35,5,12.5,8.65,8.17,8.79,9.31,9.25,50
38,30,8,21.05,8.88,7.79,8.81,10.0,10.45,50
47,29,18,38.3,10.07,9.77,8.92,12.61,8.92,50
45,30,15,33.33,11.94,9.55,14.47,16.45,8.81,50
37,27,10,27.03,9.15,7.65,8.47,10.92,11.02,50
38,28,10,26.32,11.02,9.64,8.29,12.7,11.63,50
40,23,17,42.5,11.67,10.56,12.99,11.64,16.18,50
36,25,11,30.56,10.29,9.54,9.15,10.93,11.45,50
37,26,11,29.73,10.01,8.77,9.44,12.33,13.36,50
42,34,8,19.05,8.7,7.92,8.51,11.25,8.94,50
43,27,16,37.21,11.35,12.86,9.37,12.44,10.42,50
33,28,5,15.15,8.76,8.72,6.93,8.91,12.29,50
33,22,11,33.33,11.56,12.49,13.26,8.09,11.75,50
34,22,12,35.29,11.13,10.69,10.63,8.82,13.83,50
31,27,4,12.9,9.08,8.38,7.17,10.07,14.71,50
41,23,18,43.9,11.54,10.82,15.1,7.69,10.37,50
34,28,6,17.65,9.9,7.35,10.79,12.6,11.62,50
31,27,4,12.9,9.87,9.37,9.39,9.47,12.56,50
47,30,17,36.17,11.14,10.65,11.84,11.39,9.55,50
37,30,7,18.92,10.81,6.58,9.73,12.51,16.51,50
40,22,18,45.0,12.19,8.93,13.68,14.76,14.06,50
41,29,12,29.27,10.18,8.58,8.72,15.04,5.39,50
50,33,17,34.0,9.9,8.92,10.68,11.29,12.58,50
39,25,14,35.9,9.38,7.25,9.66,12.72,10.11,50
39,31,8,20.51,9.96,9.28,12.04,7.75,10.14,50
35,23,12,34.29,10.41,8.83,13.5,9.48,11.73,50
44,35,9,20.45,10.94,10.31,12.03,8.05,12.83,50
39,33,6,15.38,9.64,7.73,10.63,12.89,7.29,50
37,26,11,29.73,10.2,7.83,10.17,10.68,12.14,50
40,30,10,25.0,11.5,12.37,12.08,9.23,14.2,50
38,35,3,7.89,9.57,8.66,9.73,9.74,10.93,50
37,28,9,24.32,9.79,9.79,8.38,13.86,5.84,50
43,22,21,48.84,9.52,9.28,10.53,5.32,9.51,50
33,30,3,9.09,9.99,7.3,11.29,10.81,12.97,50
37,30,7,18.92,9.87,8.72,9.69,13.43,8.15,50
41,29,12,29.27,10.72,10.54,10.79,10.38,11.75,50
37,29,8,21.62,9.67,8.73,9.97,10.39,9.94,50
45,24,21,46.67,11.86,10.29,13.26,11.16,11.93,50
39,33,6,15.38,9.23,7.09,9.72,11.68,8.78,50
36,23,13,36.11,10.36,7.45,10.58,10.59,13.03,50
41,27,14,34.15,12.56,12.58,12.28,13.63,10.31,50
46,29,17,36.96,9.5,8.95,8.74,10.38,9.2,50
43,21,22,51.16,12.44,11.38,10.28,17.89,14.52,50
44,34,10,22.73,7.93,8.12,9.23,4.96,7.4,50
46,30,16,34.78,10.26,8.51,14.01,9.49,12.14,50
38,33,5,13.16,10.27,8.1,12.95,11.92,11.83,50
42,25,17,40.48,11.92,13.32,9.52,12.28,14.59,50
40,31,9,22.5,9.23,7.07,7.83,11.71,12.27,50
40,33,7,17.5,8.79,8.08,8.88,10.47,7.18,50
39,27,12,30.77,9.88,9.02,11.07,8.14,10.54,50
39,35,4,10.26,9.73,8.46,8.83,13.68,11.35,50
41,29,12,29.27,10.06,9.74,9.74,10.65,10.31,50
39,26,13,33.33,9.52,8.48,12.09,8.64,7.45,50
42,27,15,35.71,10.36,7.06,11.16,13.63,8.95,50
29,21,8,27.59,10.04,8.74,8.23,8.77,14.68,50
41,22,19,46.34,11.13,9.53,12.21,10.23,14.74,50
37,31,6,16.22,10.26,7.97,12.19,13.14,9.53,50
48,30,18,37.5,11.77,10.06,11.27,15.75,10.55,50
40,32,8,20.0,10.45,9.86,10.14,11.26,11.08,50
48,29,19,39.58,9.4,8.26,9.49,9.83,18.15,50
40,30,10,25.0,10.1,9.68,9.66,10.62,11.46,50
42,36,6,14.29,8.46,7.4,9.2,7.85,14.54,50
46,37,9,19.57,8.91,7.44,10.21,8.19,11.13,50
43,24,19,44.19,9.2,7.45,11.73,8.56,0,50
22,19,3,13.64,8.82,6.97,7.54,9.61,11.4,50
50,31,19,38.0,9.48,7.62,10.69,12.05,6.32,50
49,23,26,53.06,10.49,10.37,13.86,7.97,6.52,50
39,30,9,23.08,10.63,9.2,11.43,10.33,9.99,50
45,29,16,35.56,9.85,8.48,10.29,10.82,12.69,50
46,33,13,28.26,9.4,7.43,10.33,12.01,9.37,50
37,29,8,21.62,9.33,8.37,10.38,10.36,8.34,50
36,21,15,41.67,11.11,8.75,13.25,9.38,12.81,50
40,29,11,27.5,11.79,13.24,11.85,11.09,7.0,50
41,28,13,31.71,10.17,6.89,12.83,12.52,9.19,50
42,34,8,19.05,8.82,8.63,8.89,9.95,5.48,50
36,25,11,30.56,10.04,9.34,10.54,10.8,10.89,50
32,26,6,18.75,8.97,8.33,8.51,11.41,9.04,50
36,32,4,11.11,9.33,8.93,9.73,8.99,10.6,50
42,33,9,21.43,10.7,9.5,11.82,10.69,0,50
40,33,7,17.5,9.33,8.55,9.2,10.33,12.07,50
44,32,12,27.27,10.94,7.24,10.81,10.38,16.39,50
39,30,9,23.08,8.79,7.42,10.56,9.93,10.82,50
48,26,22,45.83,9.75,8.24,10.57,10.72,8.73,50
43,30,13,30.23,8.71,8.03,10.15,7.68,9.95,50
34,22,12,35.29,11.56,9.79,13.57,13.17,7.82,50
47,29,18,38.3,10.5,8.93,11.26,13.17,7.32,50
41,20,21,51.22,10.83,9.02,12.6,14.03,7.68,50
37,28,9,24.32,9.22,7.1,10.52,10.51,10.75,50
31,23,8,25.81,9.03,8.89,6.58,11.34,6.98,50
32,19,13,40.62,9.83,8.66,9.13,11.51,9.84,50
43,27,16,37.21,10.8,7.8,15.94,8.79,11.42,50
43,34,9,20.93,10.33,8.17,10.81,13.42,10.62,50
49,38,11,22.45,8.52,8.71,8.42,6.7,10.26,50
49,35,14,28.57,9.83,7.23,10.86,12.14,13.21,50
39,30,9,23.08,10.78,7.83,13.82,10.79,11.82,50
38,33,5,13.16,10.01,8.66,11.68,11.34,8.0,50
40,29,11,27.5,9.04,7.93,10.62,7.45,14.95,50
43,30,13,30.23,10.18,7.39,12.47,12.12,12.77,50
41,26,15,36.59,10.04,9.82,9.8,9.68,13.17,50
32,18,14,43.75,11.43,6.64,10.7,11.9,26.42,50
46,35,11,23.91,9.53,8.47,8.16,11.35,12.44,50
33,24,9,27.27,8.93,8.9,9.11,8.85,8.52,50
40,24,16,40.0,12.03,13.52,11.6,10.59,12.8,50
38,24,14,36.84,10.59,9.89,14.49,9.59,10.22,50
44,33,11,25.0,8.87,7.88,9.38,9.12,9.63,50
38,33,5,13.16,8.87,8.35,9.16,9.34,8.53,50
32,25,7,21.88,9.83,10.26,9.52,9.89,9.29,50
44,25,19,43.18,9.12,7.36,9.13,13.12,10.37,50
38,32,6,15.79,10.41,10.92,8.74,11.26,10.38,50
40,33,7,17.5,8.77,7.0,8.77,10.41,13.23,50
45,28,17,37.78,9.25,8.46,8.23,9.89,10.08,50
32,19,13,40.62,9.65,10.27,8.16,9.57,11.04,50
42,28,14,33.33,9.68,9.23,10.32,6.6,11.34,50
39,24,15,38.46,10.59,6.61,11.18,12.09,13.31,50
39,30,9,23.08,10.43,9.15,10.95,12.49,9.58,50
42,26,16,38.1,10.26,10.38,10.9,6.69,10.17,50
47,30,17,36.17,9.69,7.78,11.82,10.32,9.42,50
45,29,16,35.56,9.18,8.18,10.27,8.9,10.86,50
46,27,19,41.3,10.97,8.29,12.51,17.76,8.66,50
32,21,11,34.38,11.5,9.57,11.75,15.47,8.66,50
45,25,20,44.44,9.17,8.89,10.12,7.56,12.64,50
42,23,19,45.24,11.15,7.22,12.18,12.26,12.59,50
45,38,7,15.56,10.54,7.54,14.52,11.4,9.38,50
41,24,17,41.46,9.95,6.29,12.16,9.2,11.57,50
51,36,15,29.41,9.78,8.74,10.68,9.48,11.92,50
42,30,12,28.57,10.43,8.47,8.81,12.17,14.22,50
36,24,12,33.33,11.47,7.57,11.8,16.43,11.27,50
41,29,12,29.27,11.34,11.83,11.48,9.33,13.95,50
40,36,4,10.0,9.79,8.51,10.16,11.38,9.83,50
36,26,10,27.78,8.81,8.32,9.65,9.99,7.08,50
38,28,10,26.32,12.38,10.76,12.39,11.2,18.48,50
41,31,10,24.39,11.11,8.34,12.38,18.17,11.92,50
37,31,6,16.22,10.87,8.29,12.04,13.39,9.9,50
36,24,12,33.33,9.51,9.15,10.4,9.14,10.09,50
40,27,13,32.5,10.0,8.08,10.28,11.2,12.49,50
38,29,9,23.68,10.4,11.06,8.57,10.36,12.3,50
45,31,14,31.11,9.85,8.79,10.87,9.26,11.34,50
47,25,22,46.81,8.18,6.76,8.82,3.46,10.73,50
40,32,8,20.0,10.75,9.08,10.22,11.03,12.73,50
42,28,14,33.33,9.06,7.76,8.51,10.1,14.42,50
39,24,15,38.46,12.34,9.74,14.22,12.72,10.61,50
35,29,6,17.14,8.9,5.64,10.06,9.47,8.86,50
39,32,7,17.95,9.13,9.19,9.31,8.32,10.5,50
35,28,7,20.0,9.45,7.9,6.63,11.3,13.36,50
35,28,7,20.0,9.52,7.89,9.29,9.66,12.99,50
49,32,17,34.69,11.25,11.7,10.85,11.57,10.6,50
39,28,11,28.21,11.13,7.6,13.41,11.61,9.9,50
45,34,11,24.44,10.73,9.25,11.57,10.4,16.56,50
42,24,18,42.86,9.28,7.61,8.78,15.19,10.88,50
44,33,11,25.0,9.75,8.69,11.61,10.21,12.45,50
35,28,7,20.0,9.08,8.34,6.97,16.65,9.96,50
47,25,22,46.81,10.14,8.82,10.75,10.36,10.12,50
40,22,18,45.0,10.72,10.49,11.23,12.85,8.39,50
36,23,13,36.11,11.35,9.58,15.11,15.38,9.76,50
36,31,5,13.89,9.33,8.62,9.73,9.17,10.66,50
36,27,9,25.0,12.15,13.88,9.71,12.87,9.94,50
43,31,12,27.91,8.31,7.5,9.83,7.2,5.28,50
41,26,15,36.59,10.96,10.97,9.56,12.95,7.87,50
46,34,12,26.09,9.66,8.12,10.33,10.18,10.07,50
42,34,8,19.05,10.64,8.78,13.32,10.51,10.64,50
45,24,21,46.67,10.25,8.04,11.73,10.4,0,50
40,24,16,40.0,10.0,9.24,8.96,12.55,10.51,50
48,31,17,35.42,11.88,11.32,13.72,11.2,10.99,50
37,28,9,24.32,9.39,7.88,9.76,11.44,7.46,50
39,26,13,33.33,11.77,9.07,14.99,12.99,12.85,50
38,33,5,13.16,10.65,9.59,10.7,10.23,13.89,50
42,35,7,16.67,10.9,10.34,10.0,12.28,11.83,50
38,29,9,23.68,10.49,9.59,12.28,8.27,15.24,50
37,28,9,24.32,13.5,13.15,15.78,10.81,15.61,50
43,29,14,32.56,10.06,8.69,10.14,14.09,10.34,50
43,28,15,34.88,11.93,12.21,10.81,12.84,11.55,50
45,29,16,35.56,9.82,8.63,11.3,9.71,8.01,50
44,31,13,29.55,11.51,9.51,13.03,14.62,9.45,50
51,28,23,45.1,11.64,11.13,13.15,12.03,6.07,50
45,28,17,37.78,11.16,9.65,13.06,13.59,8.13,50
31,25,6,19.35,9.05,9.2,8.84,9.49,8.25,50
40,26,14,35.0,9.95,9.83,8.53,9.21,15.17,50
36,26,10,27.78,11.22,8.83,11.32,12.38,15.32,50
28,20,8,28.57,10.69,10.1,11.46,10.42,9.03,50
46,34,12,26.09,9.57,7.8,9.6,10.77,11.46,50
40,32,8,20.0,10.82,9.12,9.76,15.28,11.17,50
41,30,11,26.83,10.74,11.03,11.15,11.95,7.68,50
31,22,9,29.03,9.65,11.58,8.89,9.51,10.14,50
35,21,14,40.0,10.91,8.47,15.98,12.37,9.76,50
43,25,18,41.86,9.59,9.38,8.79,13.59,5.91,50
40,22,18,45.0,10.92,7.34,11.3,12.92,11.75,50
38,31,7,18.42,8.92,7.54,12.66,8.7,9.83,50
38,28,10,26.32,10.61,9.21,13.9,10.92,10.45,50
40,30,10,25.0,10.64,10.39,11.33,9.47,12.69,50
33,29,4,12.12,9.71,8.82,10.9,7.34,10.54,50
38,30,8,21.05,9.29,6.63,12.35,9.83,9.66,50
40,26,14,35.0,10.06,9.11,11.34,7.94,18.46,50
52,33,19,36.54,9.52,10.14,9.37,8.09,9.09,50
41,25,16,39.02,10.55,9.97,10.35,10.83,12.23,50
44,28,16,36.36,9.88,9.6,9.78,11.15,0,50
41,35,6,14.63,10.3,6.46,11.85,12.77,10.28,50
33,28,5,15.15,9.74,9.44,8.58,10.46,11.46,50
39,31,8,20.51,10.33,8.73,10.91,12.24,10.32,50
35,25,10,28.57,11.46,9.72,10.85,14.44,9.85,50
40,27,13,32.5,9.13,6.78,10.59,9.82,10.53,50
40,23,17,42.5,8.63,7.28,8.94,10.35,9.57,50
45,41,4,8.89,9.27,8.0,9.69,10.19,10.6,50
48,31,17,35.42,10.78,10.49,12.59,11.49,9.81,50
41,29,12,29.27,11.49,7.94,13.53,9.24,14.18,50
46,28,18,39.13,11.05,9.7,11.75,15.08,8.22,50
35,25,10,28.57,10.69,9.3,11.79,10.81,11.53,50
37,33,4,10.81,7.94,8.04,8.24,6.66,9.43,50
38,20,18,47.37,12.07,10.44,11.11,13.84,18.61,50
34,29,5,14.71,9.3,7.53,10.77,6.16,12.74,50
43,29,14,32.56,11.6,11.54,12.31,10.97,11.26,50
32,28,4,12.5,10.66,10.01,11.14,10.28,14.16,50
34,29,5,14.71,9.06,7.37,8.41,10.14,12.28,50
35,30,5,14.29,9.95,8.16,10.24,11.88,8.9,50
40,36,4,10.0,9.93,7.54,7.5,15.38,10.7,50
33,31,2,6.06,10.47,5.56,11.33,11.85,13.25,50
42,35,7,16.67,10.08,7.1,11.64,13.67,12.82,50
38,30,8,21.05,11.66,11.6,11.03,13.33,11.29,50
48,32,16,33.33,10.43,8.54,10.68,11.9,15.13,50
39,34,5,12.82,9.94,8.81,10.06,11.31,11.97,50
40,30,10,25.0,12.41,10.03,14.06,13.26,13.09,50
37,29,8,21.62,10.74,9.41,12.31,8.52,12.22,50
44,36,8,18.18,10.58,8.35,12.74,13.92,12.21,50
45,28,17,37.78,9.78,8.68,7.65,11.94,15.15,50
36,27,9,25.0,10.44,9.88,9.61,11.39,10.95,50
39,35,4,10.26,9.43,7.5,10.98,9.34,9.44,50
34,26,8,23.53,11.53,9.4,14.37,13.97,7.28,50
51,27,24,47.06,11.2,11.13,11.64,9.79,10.98,50
47,23,24,51.06,10.33,7.69,14.45,8.17,11.61,50
39,21,18,46.15,9.88,7.85,10.42,15.12,11.05,50
36,31,5,13.89,11.71,8.01,14.81,11.89,9.99,50
42,28,14,33.33,10.31,7.16,12.66,13.25,9.28,50
45,28,17,37.78,10.26,10.88,10.51,9.01,8.1,50
30,28,2,6.67,8.36,6.1,9.69,9.07,9.3,50
39,19,20,51.28,11.53,11.48,14.09,6.73,9.78,50
41,35,6,14.63,10.42,8.19,11.91,13.04,10.73,50
39,25,14,35.9,11.17,10.38,10.72,12.93,12.44,50
40,29,11,27.5,10.07,8.73,10.95,14.66,8.18,50
36,22,14,38.89,10.33,12.27,9.32,9.63,9.35,50
46,29,17,36.96,9.98,8.8,10.98,11.23,8.89,50
40,29,11,27.5,9.27,8.08,10.73,10.16,11.59,50
49,28,21,42.86,10.91,9.88,11.9,13.06,9.47,50
42,34,8,19.05,9.86,9.4,11.46,10.88,7.55,50
39,33,6,15.38,9.77,7.72,8.62,9.6,13.92,50
48,29,19,39.58,10.02,9.05,11.03,9.12,10.57,50
34,28,6,17.65,8.53,5.96,8.77,8.36,12.87,50
45,26,19,42.22,11.62,7.77,12.15,14.61,14.23,50
46,37,9,19.57,10.57,10.73,9.63,11.02,12.59,50
36,29,7,19.44,10.61,10.02,10.71,13.17,9.99,50
37,32,5,13.51,9.2,8.69,9.31,9.96,0,50
39,30,9,23.08,9.53,9.34,9.04,9.01,10.4,50
43,26,17,39.53,8.7,7.24,10.06,10.24,7.25,50
41,29,12,29.27,10.55,7.36,12.05,12.41,17.39,50
40,32,8,20.0,9.53,9.97,9.26,8.68,11.41,50
34,26,8,23.53,10.28,8.05,13.68,9.44,8.99,50
40,29,11,27.5,11.64,10.05,13.2,12.28,8.47,50
46,32,14,30.43,11.04,8.84,12.79,12.06,11.32,50
35,31,4,11.43,10.43,8.31,12.11,9.65,12.24,50
37,24,13,35.14,11.37,10.36,10.4,15.66,9.68,50
34,24,10,29.41,9.61,8.32,8.97,11.22,10.14,50
35,31,4,11.43,11.04,12.58,10.49,12.81,7.66,50
42,26,16,38.1,8.93,7.04,10.31,12.05,4.25,50
32,23,9,28.12,10.55,11.1,9.96,12.03,8.17,50
41,29,12,29.27,8.72,8.36,8.0,9.71,10.28,50
42,33,9,21.43,9.71,7.86,11.2,10.47,9.34,50
42,27,15,35.71,10.79,7.51,11.84,14.52,9.15,50
41,28,13,31.71,9.99,7.35,10.17,11.55,15.09,50
43,26,17,39.53,8.78,7.66,9.61,8.46,13.78,50
45,35,10,22.22,9.26,8.24,10.72,10.91,5.5,50
36,35,1,2.78,10.78,10.87,9.98,11.39,11.99,50
30,23,7,23.33,9.43,8.32,12.35,9.22,10.76,50
39,24,15,38.46,12.24,10.35,11.2,16.52,11.12,50
36,21,15,41.67,10.08,8.56,10.88,10.3,12.04,50
46,28,18,39.13,9.64,8.26,11.48,12.29,9.51,50
37,23,14,37.84,10.28,8.34,8.5,17.44,14.75,50
49,28,21,42.86,11.03,10.14,13.7,16.52,8.56,50
31,18,13,41.94,9.93,7.74,11.35,10.88,10.35,50
38,23,15,39.47,10.36,8.53,12.53,7.61,13.55,50
32,28,4,12.5,10.75,9.59,10.12,13.23,8.78,50
30,26,4,13.33,11.0,7.29,12.72,14.9,15.4,50
39,31,8,20.51,10.0,8.83,9.86,10.56,12.76,50
44,28,16,36.36,9.28,11.03,7.5,10.41,7.33,50
37,28,9,24.32,10.62,10.95,9.46,10.95,12.39,50
40,39,1,2.5,8.52,7.22,8.17,10.4,9.87,50
37,30,7,18.92,10.23,9.65,11.58,12.73,8.89,50
37,26,11,29.73,9.78,8.27,11.18,11.41,8.81,50
43,32,11,25.58,11.71,11.45,11.97,12.16,9.08,50
47,33,14,29.79,10.26,10.04,9.08,12.37,10.25,50
39,29,10,25.64,10.75,7.53,11.99,12.62,10.26,50
37,33,4,10.81,10.56,8.8,12.31,11.21,11.19,50
33,22,11,33.33,9.26,7.91,0,9.61,12.12,50
44,23,21,47.73,10.0,6.37,11.11,12.36,10.01,50
40,27,13,32.5,9.58,8.94,9.76,10.39,9.73,50
37,27,10,27.03,9.51,9.54,8.69,8.18,11.4,50
44,18,26,59.09,10.57,9.39,10.54,15.94,10.59,50
38,24,14,36.84,10.71,8.91,11.8,13.13,6.36,50
39,28,11,28.21,12.97,11.47,15.43,13.14,6.76,50
40,33,7,17.5,9.7,7.41,10.45,11.23,6.66,50
43,28,15,34.88,8.68,7.73,10.52,8.96,10.23,50
44,32,12,27.27,10.61,8.87,12.35,11.37,10.33,50
40,28,12,30.0,9.46,8.49,8.79,14.35,8.66,50
34,27,7,20.59,10.04,8.21,9.63,12.04,8.77,50
31,25,6,19.35,11.66,10.86,10.81,12.48,13.32,50
38,34,4,10.53,9.48,9.56,9.86,8.44,10.32,50
43,23,20,46.51,12.62,9.72,14.43,15.4,6.46,50
43,34,9,20.93,10.12,8.6,10.8,11.07,11.88,50
37,27,10,27.03,10.93,7.61,12.56,11.1,9.76,50
32,24,8,25.0,11.83,9.13,12.35,13.46,13.24,50
35,27,8,22.86,8.35,6.79,6.72,11.11,9.86,50
36,25,11,30.56,8.88,7.91,11.55,8.79,8.14,50
41,28,13,31.71,11.68,9.31,14.27,12.84,9.76,50
37,22,15,40.54,10.2,7.45,13.88,12.71,10.19,50
43,29,14,32.56,12.45,10.82,11.68,14.32,17.52,50
29,25,4,13.79,9.2,7.46,8.09,12.51,9.03,50
40,24,16,40.0,9.02,6.79,10.51,10.96,8.25,50
35,28,7,20.0,9.83,8.47,8.03,11.64,14.05,50
29,16,13,44.83,12.98,13.14,12.95,12.37,13.67,50
49,40,9,18.37,11.49,10.16,13.95,12.05,7.46,50
41,27,14,34.15,10.64,9.39,12.15,9.52,11.77,50
33,24,9,27.27,9.7,8.91,8.39,11.76,10.4,50
40,29,11,27.5,10.9,9.75,11.99,11.51,0,50
42,28,14,33.33,10.49,9.52,7.22,15.35,11.89,50
35,27,8,22.86,9.36,9.03,9.77,9.01,10.22,50
42,26,16,38.1,9.63,7.92,9.69,11.27,10.29,50
38,30,8,21.05,10.12,10.23,9.62,11.29,8.5,50
41,21,20,48.78,10.06,7.8,9.71,15.63,10.12,50
42,32,10,23.81,10.41,10.56,9.68,11.35,9.54,50
43,35,8,18.6,10.74,9.75,11.01,13.08,10.41,50
37,34,3,8.11,10.06,9.56,7.21,11.64,9.47,50
38,28,10,26.32,10.54,9.45,9.59,10.9,16.96,50
46,38,8,17.39,9.96,8.64,11.35,12.89,8.4,50
41,35,6,14.63,9.68,7.8,10.01,10.96,13.25,50
33,23,10,30.3,10.75,10.33,9.16,14.66,9.97,50
45,29,16,35.56,12.25,13.06,11.94,11.43,11.91,50
37,32,5,13.51,9.59,7.36,10.03,10.45,10.21,50
34,24,10,29.41,11.67,11.53,12.55,11.2,13.08,50
49,39,10,20.41,11.18,8.74,11.14,13.83,13.12,50
42,35,7,16.67,11.73,10.59,8.67,15.92,11.22,50
46,34,12,26.09,10.31,8.11,12.46,10.86,12.86,50
33,26,7,21.21,10.39,8.95,11.33,10.12,11.54,50
43,31,12,27.91,10.09,9.01,9.81,11.09,10.37,50
40,28,12,30.0,9.51,7.58,10.25,12.57,10.01,50
48,30,18,37.5,9.22,8.14,9.9,9.74,12.79,50
42,26,16,38.1,9.03,8.58,10.18,6.92,9.91,50
42,33,9,21.43,9.91,7.52,11.52,9.23,12.82,50
41,29,12,29.27,12.23,8.93,12.25,15.15,16.29,50
38,27,11,28.95,9.68,7.8,10.11,10.49,12.82,50
40,25,15,37.5,9.17,7.34,11.4,10.67,9.5,50
37,23,14,37.84,10.56,7.88,11.56,12.32,8.8,50
33,29,4,12.12,9.87,8.41,11.59,8.05,12.99,50
42,28,14,33.33,9.25,8.26,9.76,9.05,13.7,50
37,28,9,24.32,10.5,10.3,10.93,9.61,12.42,50
41,37,4,9.76,10.6,10.91,11.06,11.25,7.89,50
41,31,10,24.39,9.61,7.36,9.66,12.44,11.42,50
33,23,10,30.3,8.81,8.18,9.33,10.99,6.97,50
44,34,10,22.73,9.59,8.25,8.55,10.15,15.53,50
38,28,10,26.32,9.83,9.33,9.54,11.68,7.68,50
34,27,7,20.59,10.16,7.81,9.42,11.76,12.96,50
36,28,8,22.22,11.14,8.14,12.93,11.8,12.81,50
43,37,6,13.95,11.21,9.1,13.06,11.62,10.42,50
43,34,9,20.93,10.0,9.22,10.5,11.62,7.14,50
39,26,13,33.33,9.53,8.99,7.93,11.37,12.15,50
44,25,19,43.18,10.86,10.23,10.82,8.93,13.34,50
46,33,13,28.26,10.69,9.62,12.46,10.86,9.79,50
44,32,12,27.27,8.7,7.21,9.73,9.51,10.14,50
40,30,10,25.0,10.57,10.82,6.47,13.49,12.34,50
36,27,9,25.0,9.55,8.49,10.97,11.01,7.71,50
45,33,12,26.67,9.72,8.72,11.69,9.63,7.66,50
40,30,10,25.0,11.15,8.17,14.1,10.78,11.5,50
31,22,9,29.03,11.01,8.9,12.02,10.72,11.07,50
36,30,6,16.67,10.02,10.3,8.74,11.46,7.9,50
33,29,4,12.12,12.23,11.46,16.54,12.71,10.11,50
41,24,17,41.46,12.57,11.64,15.06,11.33,10.97,50
42,26,16,38.1,12.15,13.2,10.56,13.82,13.34,50
34,28,6,17.65,10.03,7.79,9.25,10.24,13.07,50
41,22,19,46.34,11.79,10.9,10.88,14.87,11.85,50
40,27,13,32.5,9.31,7.69,11.73,9.7,8.41,50
38,24,14,36.84,10.44,9.08,11.3,11.97,9.91,50
41,34,7,17.07,9.51,8.42,9.99,10.09,9.31,50
41,31,10,24.39,11.83,11.76,13.22,10.63,8.72,50
52,28,24,46.15,13.47,10.44,16.05,14.13,11.97,50
45,30,15,33.33,9.07,8.77,7.62,10.55,10.5,50
37,23,14,37.84,11.52,10.55,10.54,13.98,13.45,50
46,33,13,28.26,13.04,12.42,13.9,12.36,0,50
41,30,11,26.83,11.33,8.1,13.26,13.63,9.52,50
37,31,6,16.22,10.18,8.53,9.49,11.39,11.89,50
42,29,13,30.95,10.39,7.49,12.79,12.26,9.71,50
48,32,16,33.33,11.29,8.81,12.29,12.23,11.13,50
38,30,8,21.05,10.06,6.45,9.47,13.42,10.66,50
38,28,10,26.32,11.2,10.24,12.41,12.34,9.79,50
46,26,20,43.48,9.17,6.76,11.07,11.4,5.08,50
31,28,3,9.68,9.46,10.52,7.52,10.42,11.11,50
28,26,2,7.14,10.15,8.66,9.36,8.89,14.74,50
37,28,9,24.32,10.46,8.33,12.61,10.93,17.23,50
34,27,7,20.59,10.0,11.35,8.33,7.21,13.63,50
38,26,12,31.58,9.95,7.2,10.6,12.62,9.13,50
38,23,15,39.47,9.67,8.92,8.42,6.6,14.0,50
38,30,8,21.05,12.12,10.7,11.01,14.38,15.11,50
34,32,2,5.88,9.78,8.43,11.94,8.96,10.69,50
44,31,13,29.55,10.12,9.63,8.04,11.83,10.62,50
39,34,5,12.82,10.29,9.79,9.27,12.43,9.81,50
43,28,15,34.88,10.28,8.36,10.14,11.55,19.1,50
54,35,19,35.19,9.77,9.11,9.54,10.79,11.06,50
38,25,13,34.21,11.64,10.21,14.11,13.56,7.58,50
41,25,16,39.02,9.99,8.99,8.6,15.98,12.88,50
47,34,13,27.66,9.21,7.45,9.83,9.99,11.69,50
40,28,12,30.0,10.23,10.18,11.21,8.31,10.16,50
52,28,24,46.15,9.53,9.01,9.26,11.0,11.14,50
36,29,7,19.44,12.22,9.4,14.03,13.48,10.82,50
36,28,8,22.22,11.72,9.4,13.36,14.46,10.2,50
39,23,16,41.03,9.32,7.52,9.61,14.22,7.49,50
43,25,18,41.86,10.26,8.02,12.44,9.17,17.41,50
52,25,27,51.92,11.44,11.16,10.52,13.73,4.77,50
48,33,15,31.25,10.55,9.6,10.8,12.86,8.72,50
40,28,12,30.0,8.8,8.32,9.0,9.05,8.82,50
41,39,2,4.88,8.88,8.34,8.56,7.52,13.4,50
42,27,15,35.71,11.44,9.75,13.96,11.15,11.92,50
42,23,19,45.24,11.97,11.79,9.61,12.98,30.84,50
49,39,10,20.41,10.28,8.62,9.61,11.22,15.29,50
43,22,21,48.84,10.11,5.92,12.76,13.41,9.66,50
39,33,6,15.38,10.34,9.53,10.49,10.9,10.29,50
45,31,14,31.11,9.89,9.35,9.56,10.69,11.35,50
39,29,10,25.64,12.26,9.08,14.08,13.34,11.01,50
45,29,16,35.56,9.95,8.03,11.65,9.12,11.22,50
32,22,10,31.25,11.35,10.09,13.14,10.28,14.41,50
48,36,12,25.0,9.68,6.94,11.2,9.99,10.78,50
37,34,3,8.11,10.17,8.01,10.63,9.56,13.75,50
42,27,15,35.71,9.85,6.83,10.55,12.2,9.38,50
35,27,8,22.86,12.54,12.92,12.93,10.23,12.08,50
45,33,12,26.67,10.24,7.09,13.05,9.38,10.38,50
38,33,5,13.16,10.06,7.51,11.69,11.43,10.25,50
36,24,12,33.33,10.63,10.89,12.24,8.67,10.08,50
36,23,13,36.11,10.83,5.91,12.71,13.26,10.78,50
30,25,5,16.67,9.52,7.17,7.17,11.37,13.47,50
30,13,17,56.67,10.03,8.4,13.37,10.11,11.1,50
36,26,10,27.78,10.48,8.17,10.41,16.01,10.7,50
47,28,19,40.43,11.43,9.64,11.66,12.55,13.78,50
33,26,7,21.21,10.91,10.08,10.97,10.73,15.45,50
43,24,19,44.19,11.44,9.58,11.52,14.21,5.44,50
38,30,8,21.05,10.47,8.14,10.14,12.55,17.97,50
41,29,12,29.27,10.68,10.07,11.52,10.9,10.85,50
44,32,12,27.27,12.63,13.0,12.62,14.35,8.69,50
36,27,9,25.0,10.39,11.19,9.53,11.68,7.37,50
41,33,8,19.51,11.15,9.86,14.74,11.57,11.33,50
37,32,5,13.51,10.4,11.22,9.72,10.58,10.25,50
41,35,6,14.63,10.99,7.75,10.9,11.43,15.12,50
44,34,10,22.73,10.4,7.39,11.04,12.91,10.61,50
37,36,1,2.7,9.35,7.33,11.02,10.4,8.81,50
47,31,16,34.04,10.13,8.75,11.14,10.08,11.61,50
33,26,7,21.21,9.35,9.4,7.96,11.44,9.14,50
46,37,9,19.57,10.5,10.25,11.9,10.08,8.71,50
39,24,15,38.46,9.02,6.32,9.46,9.18,13.09,50
43,27,16,37.21,10.13,8.43,11.23,11.17,10.78,50
34,24,10,29.41,9.97,9.21,12.44,8.94,10.53,50
35,25,10,28.57,12.07,13.63,14.05,10.41,9.74,50
36,29,7,19.44,9.47,6.83,12.44,11.06,9.8,50
42,29,13,30.95,10.06,9.1,11.72,10.34,7.43,50
40,26,14,35.0,10.87,9.87,11.96,12.46,9.75,50
40,27,13,32.5,11.98,11.27,11.37,13.23,14.65,50
40,25,15,37.5,11.8,11.01,12.37,15.1,3.86,50
45,24,21,46.67,9.87,9.17,9.34,10.52,12.83,50
36,27,9,25.0,9.56,9.17,9.39,9.66,10.38,50
47,36,11,23.4,9.65,8.35,12.43,10.28,9.51,50
44,25,19,43.18,9.44,8.28,10.28,12.86,7.17,50
33,31,2,6.06,9.29,8.01,10.12,7.18,11.97,50
33,23,10,30.3,10.98,9.31,10.98,11.02,12.35,50
30,29,1,3.33,9.48,6.78,10.09,10.12,11.38,50
37,32,5,13.51,8.74,7.95,8.25,9.18,10.14,50
36,15,21,58.33,10.59,14.28,10.69,9.0,8.51,50
44,28,16,36.36,10.11,7.72,12.32,12.14,13.43,50
47,21,26,55.32,9.51,6.85,9.67,13.01,8.43,50
41,22,19,46.34,10.48,9.83,9.92,12.15,9.85,50
43,34,9,20.93,10.33,8.36,10.8,11.96,13.54,50
42,33,9,21.43,9.76,10.24,8.44,11.48,11.86,50
39,29,10,25.64,10.14,7.61,9.69,12.05,10.69,50
44,33,11,25.0,10.28,9.49,10.3,11.25,11.81,50
27,14,13,48.15,9.51,8.82,7.99,8.71,11.67,50
38,22,16,42.11,9.06,9.19,9.37,6.98,0,50
38,32,6,15.79,9.39,8.26,10.17,10.99,8.44,50
30,25,5,16.67,9.94,8.93,11.55,9.82,9.24,50
34,28,6,17.65,10.2,9.05,8.0,12.83,11.23,50
41,27,14,34.15,10.26,8.61,9.25,12.01,12.41,50
33,20,13,39.39,10.24,11.7,8.95,12.79,8.21,50
31,30,1,3.23,9.9,7.89,10.59,11.24,10.2,50
41,30,11,26.83,10.34,8.56,8.92,12.88,9.47,50
50,37,13,26.0,9.83,7.96,10.87,9.05,13.76,50
40,30,10,25.0,11.49,9.62,13.68,14.97,8.41,50
36,31,5,13.89,8.61,7.62,8.74,8.41,9.95,50
43,29,14,32.56,12.5,10.78,14.57,15.4,10.96,50
40,29,11,27.5,11.87,9.31,14.97,15.5,14.31,50
37,25,12,32.43,9.58,8.82,10.0,9.73,12.99,50
37,32,5,13.51,10.05,9.55,10.54,9.0,13.1,50
33,24,9,27.27,11.37,6.88,13.52,12.35,13.85,50
40,29,11,27.5,9.66,9.67,8.16,11.67,9.63,50
49,33,16,32.65,9.54,8.01,10.23,9.72,13.45,50
37,29,8,21.62,10.61,11.34,7.67,10.36,12.45,50
42,32,10,23.81,10.57,7.52,12.21,15.0,11.78,50
41,23,18,43.9,10.63,9.35,12.23,13.05,9.44,50
43,32,11,25.58,9.92,8.68,7.59,15.74,17.44,50
52,42,10,19.23,11.84,11.42,13.15,11.81,9.5,50
36,31,5,13.89,10.59,10.05,10.88,11.93,9.09,50
45,31,14,31.11,10.21,8.4,11.67,13.4,9.65,50
40,19,21,52.5,11.04,11.99,10.62,13.55,9.36,50
39,30,9,23.08,10.8,6.47,11.2,12.78,12.21,50
45,29,16,35.56,10.52,9.26,9.79,13.61,10.66,50
39,25,14,35.9,9.83,7.93,9.71,12.84,6.49,50
41,31,10,24.39,11.23,10.61,13.89,11.65,10.34,50
42,33,9,21.43,11.7,11.92,10.18,12.89,11.64,50
41,36,5,12.2,10.61,8.36,11.51,14.06,12.26,50
33,25,8,24.24,8.8,8.42,7.83,9.44,10.93,50
45,38,7,15.56,11.36,11.76,11.12,11.85,10.07,50
41,27,14,34.15,11.32,8.15,12.97,12.53,13.57,50
37,31,6,16.22,9.33,7.13,9.3,13.14,8.21,50
43,30,13,30.23,11.73,10.31,10.91,13.73,0,50
39,22,17,43.59,9.74,10.04,6.98,12.5,11.89,50
36,26,10,27.78,13.94,8.46,15.37,16.35,14.06,50
40,32,8,20.0,12.06,9.07,14.58,12.48,11.96,50
35,34,1,2.86,10.24,8.51,9.6,12.54,13.83,50
35,30,5,14.29,9.56,10.22,7.35,9.98,11.88,50
41,24,17,41.46,10.39,9.22,9.05,14.84,10.1,50
33,27,6,18.18,10.1,8.06,12.56,13.22,6.99,50
37,30,7,18.92,10.45,9.72,8.84,12.78,10.3,50
41,26,15,36.59,10.72,11.62,9.52,10.93,10.11,50
45,20,25,55.56,10.74,10.71,12.81,9.41,9.2,50
43,40,3,6.98,9.51,8.27,9.6,10.7,11.76,50
41,39,2,4.88,8.95,8.99,7.6,9.04,12.16,50
42,23,19,45.24,11.89,10.67,13.88,11.56,10.03,50
41,34,7,17.07,10.02,9.14,10.37,9.6,12.96,50
34,20,14,41.18,10.68,6.96,12.3,14.54,13.01,50
40,31,9,22.5,9.72,8.49,10.58,9.94,12.48,50
47,37,10,21.28,10.42,8.58,10.16,13.88,12.17,50
36,29,7,19.44,10.82,9.45,9.11,13.82,11.79,50
32,25,7,21.88,7.67,5.7,7.95,8.86,8.78,50
39,21,18,46.15,12.03,8.85,15.12,12.81,10.2,50
40,21,19,47.5,10.37,7.2,12.95,16.07,9.98,50
38,29,9,23.68,11.48,10.59,12.87,11.35,12.32,50
38,26,12,31.58,8.88,8.62,8.47,10.12,6.59,50
40,28,12,30.0,11.63,9.08,15.49,12.16,12.56,50
54,35,19,35.19,11.21,8.77,12.12,12.84,14.68,50
32,31,1,3.12,9.75,9.99,10.68,9.42,8.61,50
33,31,2,6.06,8.89,7.27,8.55,10.58,12.42,50
47,25,22,46.81,11.28,7.43,13.44,14.94,0,50
32,30,2,6.25,8.41,7.32,9.39,9.16,10.93,50
37,28,9,24.32,10.21,9.51,9.99,10.83,13.03,50
48,38,10,20.83,10.39,7.33,10.85,11.87,11.54,50
39,30,9,23.08,10.75,10.5,10.56,11.12,0,50
36,27,9,25.0,10.32,8.44,10.09,9.18,15.53,50
45,35,10,22.22,9.26,10.51,8.05,10.85,7.28,50
41,24,17,41.46,10.28,10.46,7.8,12.28,16.72,50
30,23,7,23.33,12.02,12.81,8.03,11.13,13.39,50
45,31,14,31.11,11.76,10.81,11.29,14.89,10.13,50
38,22,16,42.11,11.47,10.21,11.8,11.37,17.79,50
42,36,6,14.29,10.99,10.65,11.49,11.41,10.82,50
37,26,11,29.73,9.52,7.89,10.72,13.22,3.66,50
44,25,19,43.18,9.74,8.36,10.45,9.6,9.81,50
36,32,4,11.11,11.39,10.8,12.2,12.22,10.52,50
40,28,12,30.0,10.39,7.38,11.51,11.48,11.05,50
41,29,12,29.27,10.41,7.72,11.9,9.73,11.4,50
35,28,7,20.0,9.33,7.17,11.54,9.84,15.25,50
50,29,21,42.0,10.02,8.41,11.41,10.13,16.38,50
39,34,5,12.82,10.5,9.57,12.09,10.29,11.34,50
41,31,10,24.39,9.91,8.03,11.06,11.42,11.28,50
36,28,8,22.22,9.24,9.15,9.03,9.7,8.94,50
44,34,10,22.73,12.25,12.46,12.94,11.65,10.52,50
38,20,18,47.37,11.62,8.57,10.56,15.07,11.57,50
37,25,12,32.43,10.06,6.7,11.3,12.8,11.75,50
41,21,20,48.78,10.56,9.41,10.86,12.45,0,50
47,33,14,29.79,11.76,10.65,10.56,15.41,12.42,50
35,28,7,20.0,10.42,8.68,10.83,8.04,13.79,50
40,31,9,22.5,9.56,8.03,9.7,9.27,13.53,50
40,32,8,20.0,9.94,9.22,10.81,9.38,11.93,50
46,28,18,39.13,10.48,9.31,10.13,11.99,11.4,50
37,28,9,24.32,10.22,7.86,12.4,11.49,11.25,50
33,22,11,33.33,11.65,7.11,14.76,14.98,10.0,50
36,26,10,27.78,10.79,10.21,11.51,11.73,10.16,50
35,26,9,25.71,12.92,10.49,15.85,12.93,13.36,50
36,28,8,22.22,11.11,9.02,12.8,11.19,12.45,50
31,26,5,16.13,10.53,7.92,11.07,12.94,13.33,50
43,25,18,41.86,9.65,8.48,8.22,9.98,13.76,50
42,28,14,33.33,11.93,10.34,12.73,16.34,9.79,50
38,26,12,31.58,9.28,8.89,8.03,11.83,10.49,50
36,22,14,38.89,11.61,9.69,12.46,12.16,13.82,50
44,34,10,22.73,11.81,9.73,13.81,11.94,12.85,50
44,29,15,34.09,9.53,8.71,9.55,9.08,12.75,50
38,33,5,13.16,9.83,8.03,8.93,13.24,10.13,50
45,26,19,42.22,11.9,7.03,15.58,14.56,13.07,50
41,32,9,21.95,10.97,10.13,11.11,9.85,13.45,50
38,27,11,28.95,9.76,10.74,9.29,9.31,8.76,50
38,28,10,26.32,10.63,8.67,11.12,14.0,12.94,50
38,33,5,13.16,11.88,10.4,10.76,14.51,13.84,50
39,27,12,30.77,9.5,9.18,9.61,10.31,7.15,50
47,33,14,29.79,10.17,9.74,9.76,10.86,13.9,50
44,37,7,15.91,10.03,9.19,7.9,12.2,11.36,50
37,27,10,27.03,11.63,8.22,16.3,12.05,8.26,50
33,27,6,18.18,9.92,8.81,8.02,11.43,12.39,50
43,25,18,41.86,11.89,10.15,15.5,14.67,11.3,50
39,32,7,17.95,9.28,7.82,11.09,9.65,9.51,50
45,29,16,35.56,10.54,11.0,10.82,10.81,7.46,50
45,22,23,51.11,10.69,6.99,13.25,11.14,13.25,50
40,28,12,30.0,11.9,9.53,14.99,14.51,9.09,50
41,17,24,58.54,9.32,7.77,12.25,7.62,0,50
41,29,12,29.27,10.8,10.51,10.57,14.33,9.26,50
35,20,15,42.86,10.58,8.28,10.64,11.66,15.06,50
45,31,14,31.11,11.95,9.68,12.51,11.31,16.71,50
40,31,9,22.5,11.26,7.66,12.79,12.88,12.46,50
36,31,5,13.89,13.21,11.99,13.02,14.37,14.75,50
38,25,13,34.21,11.42,9.62,11.15,12.9,12.83,50
40,30,10,25.0,9.56,8.61,8.68,11.31,10.52,50
38,23,15,39.47,10.54,8.08,12.89,11.56,14.32,50
41,24,17,41.46,10.59,9.96,10.91,11.52,10.69,50
41,26,15,36.59,10.53,9.33,13.59,10.07,11.3,50
45,37,8,17.78,11.17,9.92,10.87,13.18,13.52,50
39,35,4,10.26,8.44,9.15,7.61,7.25,9.08,50
45,36,9,20.0,10.54,9.07,11.54,11.63,0,50
47,30,17,36.17,11.8,11.42,12.06,13.95,9.44,50
43,36,7,16.28,10.11,9.0,11.31,11.5,9.22,50
40,30,10,25.0,9.77,10.03,9.41,9.9,9.5,50
42,23,19,45.24,10.92,11.55,11.02,10.25,6.32,50
45,29,16,35.56,9.98,10.07,9.17,11.77,8.66,50
40,24,16,40.0,9.72,7.53,9.87,9.35,12.45,50
41,33,8,19.51,10.69,8.31,10.77,11.98,12.34,50
38,31,7,18.42,11.76,10.5,13.98,12.26,11.25,50
30,26,4,13.33,10.22,8.47,12.79,13.85,5.56,50
46,33,13,28.26,9.21,7.43,9.53,12.69,9.8,50
37,30,7,18.92,10.03,8.64,10.64,15.64,7.58,50
48,33,15,31.25,10.42,8.9,11.28,12.74,9.94,50
36,30,6,16.67,8.55,8.3,7.65,10.2,8.47,50
30,29,1,3.33,9.01,7.3,9.83,11.86,8.55,50
33,30,3,9.09,8.86,8.24,10.1,6.4,9.82,50
38,28,10,26.32,9.42,7.43,9.78,10.7,9.8,50
46,46,0,0.0,10.01,9.37,8.87,11.48,11.9,50
39,36,3,7.69,9.97,8.37,9.93,10.48,11.1,50
41,29,12,29.27,10.88,9.07,11.15,12.45,12.84,50
38,29,9,23.68,10.01,6.6,9.2,14.67,12.01,50
40,30,10,25.0,10.85,8.23,11.41,12.78,8.9,50
37,24,13,35.14,8.68,6.49,8.52,10.31,12.39,50
35,28,7,20.0,9.27,7.45,11.54,8.55,15.18,50
47,31,16,34.04,11.71,7.74,15.84,16.28,13.68,50
38,30,8,21.05,9.36,8.46,11.54,7.82,8.54,50
43,32,11,25.58,8.91,9.27,6.82,12.06,9.11,50
39,33,6,15.38,9.43,7.46,9.25,11.28,13.08,50
39,29,10,25.64,10.3,6.63,12.91,10.39,12.86,50
40,21,19,47.5,11.22,8.76,12.14,13.57,11.12,50
32,28,4,12.5,10.43,8.55,11.19,11.21,17.68,50
38,29,9,23.68,10.89,10.37,8.31,12.03,11.68,50
50,35,15,30.0,11.0,8.99,11.54,13.56,11.28,50
44,34,10,22.73,10.13,9.47,10.76,9.77,10.7,50
39,31,8,20.51,9.91,8.32,11.11,9.39,12.42,50
34,23,11,32.35,10.95,10.59,10.68,11.87,11.29,50
38,25,13,34.21,10.66,10.89,11.08,11.66,9.23,50
46,26,20,43.48,9.25,8.13,8.03,11.98,12.91,50
42,25,17,40.48,10.3,9.21,10.87,10.1,13.23,50
46,31,15,32.61,12.71,13.61,12.17,12.19,12.66,50
43,31,12,27.91,8.59,7.45,7.12,11.39,8.55,50
42,26,16,38.1,11.42,12.0,8.8,12.79,10.74,50
40,30,10,25.0,11.66,8.57,10.78,15.03,11.5,50
38,17,21,55.26,8.74,9.49,8.29,7.23,8.52,50
41,20,21,51.22,10.46,7.85,16.28,9.24,12.34,50
37,27,10,27.03,9.72,9.46,8.48,10.33,11.74,50
35,28,7,20.0,10.34,8.89,11.1,12.18,9.4,50
41,35,6,14.63,9.13,9.72,8.67,9.36,8.18,50
45,29,16,35.56,10.44,10.75,9.57,9.46,20.12,50
43,28,15,34.88,9.87,8.68,9.16,11.03,11.88,50
34,24,10,29.41,10.5,9.06,10.89,12.07,9.93,50
53,33,20,37.74,11.88,11.63,8.04,17.35,9.97,50
40,30,10,25.0,9.94,8.23,8.75,14.29,9.28,50
37,32,5,13.51,10.19,10.14,10.15,7.84,12.04,50
34,24,10,29.41,10.38,9.12,9.22,12.15,11.84,50
41,27,14,34.15,10.38,9.56,10.27,9.85,12.8,50
45,27,18,40.0,10.14,8.1,11.65,11.01,8.2,50
43,25,18,41.86,10.66,8.49,14.49,10.69,14.26,50
39,30,9,23.08,10.66,9.66,10.86,11.01,11.83,50
41,34,7,17.07,9.27,8.02,9.56,10.13,11.26,50
45,37,8,17.78,10.47,8.61,11.2,11.02,12.2,50
33,29,4,12.12,10.32,8.8,9.09,15.66,10.34,50
43,24,19,44.19,10.35,8.18,8.27,16.89,13.81,50
46,36,10,21.74,9.24,7.65,9.34,12.21,8.79,50
37,30,7,18.92,8.87,8.93,8.22,10.9,6.79,50
44,31,13,29.55,10.62,11.06,10.95,8.46,11.21,50
41,25,16,39.02,10.27,9.59,10.72,10.14,10.75,50
28,21,7,25.0,12.13,13.46,11.34,11.28,17.78,50
35,27,8,22.86,10.07,6.46,10.22,14.55,12.19,50
41,30,11,26.83,10.19,9.04,10.07,11.18,13.5,50
41,27,14,34.15,11.0,7.95,11.18,15.14,10.32,50
33,20,13,39.39,9.76,8.43,9.89,11.66,9.34,50
40,30,10,25.0,11.03,11.01,14.87,8.53,11.39,50
37,31,6,16.22,9.06,8.36,10.0,9.77,8.58,50
33,31,2,6.06,9.36,8.4,10.25,9.67,7.72,50
36,31,5,13.89,9.9,9.3,9.47,10.96,11.24,50
43,33,10,23.26,10.34,7.08,11.03,14.61,9.23,50
38,23,15,39.47,10.31,11.44,9.41,9.59,10.68,50
38,35,3,7.89,10.47,9.73,11.79,9.21,13.38,50
43,29,14,32.56,12.01,9.25,12.13,15.78,12.8,50
34,27,7,20.59,10.38,9.8,10.64,11.54,8.7,50
41,32,9,21.95,9.44,6.12,11.06,12.9,11.31,50
47,34,13,27.66,10.13,9.1,10.68,11.22,9.65,50
39,30,9,23.08,11.15,9.55,12.16,14.47,9.52,50
37,18,19,51.35,9.9,9.02,10.49,10.38,10.02,50
48,31,17,35.42,10.31,8.21,9.72,14.64,12.3,50
28,22,6,21.43,9.61,9.62,8.16,11.04,8.63,50
48,29,19,39.58,9.29,9.09,10.33,8.02,8.68,50
41,28,13,31.71,9.43,7.5,11.76,10.1,9.81,50
38,28,10,26.32,10.03,9.0,11.38,12.37,7.44,50
39,24,15,38.46,9.16,8.67,9.02,8.49,11.94,50
35,26,9,25.71,8.88,7.57,10.03,8.69,10.6,50
39,31,8,20.51,11.8,9.46,13.29,10.28,15.49,50
40,27,13,32.5,12.12,9.65,16.71,11.54,11.23,50
37,24,13,35.14,10.07,9.04,11.01,8.97,10.9,50
33,25,8,24.24,8.97,7.25,8.13,10.5,11.08,50
36,29,7,19.44,9.17,7.37,11.15,8.11,10.46,50
41,31,10,24.39,8.24,7.25,8.91,8.21,9.62,50
46,28,18,39.13,11.02,9.92,11.37,12.12,10.65,50
40,33,7,17.5,9.8,8.28,9.6,13.01,11.55,50
43,32,11,25.58,11.63,8.11,14.06,12.09,9.91,50
32,23,9,28.12,9.35,6.94,8.3,10.83,10.99,50
36,27,9,25.0,11.12,14.08,10.73,11.51,9.23,50
28,23,5,17.86,12.62,11.58,12.62,17.17,9.21,50
34,26,8,23.53,11.91,9.45,12.61,14.84,12.63,50
43,34,9,20.93,9.89,6.92,11.6,10.04,10.43,50
37,29,8,21.62,11.55,6.88,13.31,12.14,13.26,50
35,23,12,34.29,10.67,9.0,11.27,9.93,17.02,50
45,37,8,17.78,10.1,7.85,9.81,12.16,17.58,50
34,31,3,8.82,9.52,9.11,8.96,10.31,9.47,50
42,24,18,42.86,11.38,9.05,13.06,10.57,11.25,50
46,36,10,21.74,10.17,9.02,11.02,9.64,11.24,50
48,39,9,18.75,10.53,8.37,12.7,12.52,11.61,50
48,36,12,25.0,9.36,9.37,9.17,8.69,11.95,50
41,34,7,17.07,10.99,9.29,14.05,10.88,11.14,50
42,37,5,11.9,10.97,9.9,15.29,9.2,9.7,50
39,24,15,38.46,11.88,10.51,12.1,15.41,9.96,50
45,26,19,42.22,10.15,8.68,10.72,9.37,12.81,50
38,27,11,28.95,10.19,9.87,11.86,9.1,7.59,50
35,22,13,37.14,10.62,9.94,11.32,10.09,10.16,50
43,28,15,34.88,10.81,8.93,12.1,13.03,11.62,50
30,25,5,16.67,9.49,7.95,7.66,11.03,14.24,50
42,31,11,26.19,11.48,9.54,12.76,12.35,10.12,50
48,36,12,25.0,10.04,7.97,10.28,12.55,8.5,50
47,36,11,23.4,10.09,9.27,9.33,13.52,13.16,50
39,23,16,41.03,11.35,9.52,12.44,9.88,13.33,50
29,27,2,6.9,9.36,7.1,10.33,9.62,10.47,50
37,29,8,21.62,9.03,7.62,9.9,8.24,12.26,50
47,37,10,21.28,10.12,9.43,10.3,11.83,8.27,50
37,26,11,29.73,10.46,10.09,12.44,8.99,11.21,50
37,26,11,29.73,11.54,10.2,12.32,12.34,15.84,50
44,27,17,38.64,12.2,9.78,12.7,14.1,9.88,50
46,39,7,15.22,10.99,10.43,12.18,10.79,11.11,50
35,16,19,54.29,10.5,10.19,7.05,12.19,13.93,50
35,22,13,37.14,10.32,12.45,8.62,10.48,10.11,50
29,27,2,6.9,10.8,8.11,11.47,12.24,14.19,50
41,32,9,21.95,10.98,8.19,12.8,11.19,12.15,50
38,30,8,21.05,10.9,8.81,12.17,10.44,13.61,50
43,33,10,23.26,9.74,7.83,11.54,10.11,9.86,50
43,32,11,25.58,9.82,9.04,11.12,12.61,6.68,50
32,23,9,28.12,8.64,6.21,9.29,8.39,10.43,50
40,26,14,35.0,12.06,11.87,10.7,13.22,12.32,50
37,25,12,32.43,9.51,8.09,9.64,8.16,16.66,50
45,38,7,15.56,9.65,6.85,10.37,10.21,12.42,50
32,24,8,25.0,10.03,6.32,12.78,14.9,6.63,50
39,29,10,25.64,9.85,8.99,11.09,9.47,10.96,50
49,30,19,38.78,10.66,8.36,13.35,13.3,10.52,50
40,28,12,30.0,10.39,9.32,10.92,10.39,12.21,50
30,21,9,30.0,12.53,10.93,12.44,15.29,11.58,50
41,35,6,14.63,9.08,7.83,10.16,7.77,10.53,50
32,28,4,12.5,8.49,7.23,8.03,9.84,10.22,50
45,29,16,35.56,10.25,10.65,9.43,11.33,7.47,50
41,32,9,21.95,9.29,8.58,7.63,11.23,10.01,50
48,33,15,31.25,10.4,9.75,8.23,13.66,13.29,50
42,31,11,26.19,11.62,9.84,13.74,13.75,9.96,50
32,25,7,21.88,10.14,8.4,11.58,10.96,8.77,50
43,32,11,25.58,11.91,11.08,13.14,11.08,12.02,50
38,22,16,42.11,9.51,7.31,9.18,19.54,9.87,50
38,23,15,39.47,13.16,10.45,15.68,10.68,13.65,50
30,26,4,13.33,10.7,10.07,13.31,9.51,10.13,50
34,24,10,29.41,10.24,7.26,10.37,14.26,9.38,50
47,33,14,29.79,10.25,9.9,10.67,11.04,6.01,50
41,32,9,21.95,9.55,7.45,9.84,11.58,11.07,50
37,28,9,24.32,9.54,7.78,10.75,9.95,0,50
35,27,8,22.86,10.25,11.9,10.49,8.17,9.95,50
41,27,14,34.15,10.81,8.91,13.07,9.82,14.42,50
37,25,12,32.43,9.34,5.71,10.54,9.8,14.8,50
37,21,16,43.24,10.33,10.43,8.58,11.2,12.86,50
36,28,8,22.22,10.27,8.56,8.27,9.46,19.66,50
27,25,2,7.41,8.62,7.76,8.42,8.8,10.12,50
36,30,6,16.67,10.84,10.55,10.65,10.73,13.62,50
39,30,9,23.08,9.06,8.09,8.09,10.81,9.67,50
41,25,16,39.02,9.79,9.31,7.3,13.65,11.31,50
37,21,16,43.24,11.46,8.55,12.69,18.75,11.49,50
42,27,15,35.71,10.9,8.84,10.91,13.27,12.04,50
43,31,12,27.91,9.98,9.58,9.63,10.89,14.86,50
32,28,4,12.5,9.29,7.93,8.86,12.09,10.91,50
39,27,12,30.77,9.47,6.08,9.03,10.5,13.24,50
47,30,17,36.17,11.27,10.05,13.79,8.59,13.53,50
39,28,11,28.21,9.26,7.3,11.16,10.95,8.59,50
41,23,18,43.9,10.33,8.27,11.04,11.53,12.27,50
38,24,14,36.84,10.0,7.92,11.74,10.77,10.26,50
51,28,23,45.1,10.09,7.97,12.99,11.22,6.9,50
37,26,11,29.73,12.36,10.28,12.01,13.35,15.64,50
44,29,15,34.09,9.42,7.34,10.04,13.17,11.45,50
39,32,7,17.95,8.98,9.58,8.3,9.52,4.88,50
48,36,12,25.0,10.51,9.02,11.79,11.38,11.17,50
36,27,9,25.0,11.3,10.29,12.64,10.23,12.44,50
34,27,7,20.59,8.74,6.86,10.71,8.74,10.47,50
43,36,7,16.28,8.62,7.23,11.02,9.95,7.37,50
42,30,12,28.57,10.71,10.12,10.85,12.83,9.16,50
37,29,8,21.62,9.28,8.91,9.0,14.19,4.91,50
36,28,8,22.22,9.89,9.31,11.2,11.43,8.61,50
40,31,9,22.5,11.89,9.11,12.87,16.05,7.04,50
46,23,23,50.0,9.15,8.17,9.9,9.49,10.29,50
52,37,15,28.85,10.62,8.32,11.3,12.67,8.26,50
39,31,8,20.51,11.26,9.21,11.92,12.16,15.39,50
40,26,14,35.0,9.71,7.57,11.82,12.14,7.11,50
44,34,10,22.73,9.99,8.79,11.97,9.03,13.24,50
41,26,15,36.59,9.34,6.32,11.38,10.73,14.61,50
35,24,11,31.43,10.25,9.02,8.94,9.61,16.11,50
40,28,12,30.0,10.39,9.42,11.56,10.32,12.37,50
34,22,12,35.29,10.37,11.36,7.13,12.65,9.98,50
39,24,15,38.46,10.06,10.34,9.03,11.13,9.37,50
48,28,20,41.67,11.23,10.08,12.31,13.91,9.84,50
30,21,9,30.0,10.47,8.48,11.41,11.04,11.97,50
47,34,13,27.66,10.76,8.66,11.66,12.94,10.04,50
31,25,6,19.35,10.29,7.13,13.17,8.31,11.13,50
43,33,10,23.26,11.04,10.33,11.19,13.16,9.04,50
33,26,7,21.21,10.46,7.91,10.14,12.35,9.98,50
40,30,10,25.0,10.8,10.62,10.53,12.43,9.87,50
40,36,4,10.0,11.14,8.09,11.42,11.82,13.81,50
29,27,2,6.9,10.18,7.75,9.23,10.41,12.25,50
33,25,8,24.24,9.66,9.07,9.83,14.29,9.03,50
45,30,15,33.33,11.41,9.29,15.7,10.5,10.41,50
42,33,9,21.43,11.26,9.18,14.83,12.58,13.59,50
38,33,5,13.16,10.37,9.64,9.45,12.45,9.14,50
29,25,4,13.79,8.88,6.88,8.9,10.85,10.21,50
39,27,12,30.77,10.42,7.87,10.59,13.84,10.4,50
49,31,18,36.73,11.53,11.39,11.07,13.25,11.56,50
39,34,5,12.82,10.16,7.82,11.31,11.94,12.17,50
37,24,13,35.14,12.32,10.41,15.37,10.67,13.95,50
45,33,12,26.67,11.19,11.01,12.11,7.72,13.72,50
38,32,6,15.79,8.76,8.51,7.39,9.89,8.46,50
39,31,8,20.51,10.47,8.33,10.23,10.35,14.49,50
42,28,14,33.33,12.61,12.43,13.16,11.26,14.78,50
44,26,18,40.91,9.61,9.96,7.03,10.39,11.06,50
39,33,6,15.38,10.82,9.01,11.39,12.99,13.18,50
42,32,10,23.81,8.77,7.57,8.65,17.48,8.33,50
41,35,6,14.63,10.2,9.14,10.63,10.61,11.13,50
37,26,11,29.73,11.14,10.85,12.49,7.02,11.88,50
43,24,19,44.19,11.19,11.96,7.43,13.44,12.3,50
47,30,17,36.17,11.28,8.31,12.11,14.87,11.48,50
45,29,16,35.56,9.77,8.31,10.52,9.24,14.24,50
46,31,15,32.61,12.76,10.61,15.64,11.07,12.16,50
32,23,9,28.12,11.28,9.23,12.62,14.64,10.82,50
33,22,11,33.33,10.23,8.93,10.81,10.29,10.51,50
46,29,17,36.96,10.08,8.4,11.88,6.49,14.28,50
37,29,8,21.62,13.41,9.16,15.62,15.03,11.61,50
37,28,9,24.32,11.33,11.38,12.14,8.92,13.03,50
37,33,4,10.81,10.99,8.1,12.75,10.52,14.94,50
30,24,6,20.0,8.85,7.16,11.36,8.66,3.61,50
42,30,12,28.57,11.47,10.35,10.2,15.68,10.91,50
42,28,14,33.33,10.41,8.9,10.23,12.15,13.11,50
35,27,8,22.86,10.1,8.83,9.81,13.16,8.31,50
42,26,16,38.1,8.09,6.68,8.42,8.78,10.68,50
31,22,9,29.03,13.21,9.89,11.95,18.34,13.3,50
48,29,19,39.58,9.99,7.62,13.22,8.65,4.93,50
42,26,16,38.1,10.67,7.7,12.18,14.66,8.34,50
32,28,4,12.5,9.15,8.45,9.32,9.58,9.32,50
38,18,20,52.63,11.26,8.18,11.64,15.16,11.66,50
32,26,6,18.75,11.59,9.3,12.62,13.41,11.23,50
30,25,5,16.67,11.04,9.72,9.37,13.24,11.73,50
40,28,12,30.0,9.52,6.59,11.84,9.09,10.27,50
45,28,17,37.78,10.91,8.14,13.53,9.74,12.79,50
38,31,7,18.42,10.27,8.46,11.39,10.12,12.68,50
42,33,9,21.43,10.68,9.4,12.23,13.15,9.83,50
34,31,3,8.82,10.44,8.31,8.45,13.57,10.43,50
36,23,13,36.11,10.59,10.26,11.44,10.54,9.42,50
40,30,10,25.0,9.06,8.48,7.81,10.15,9.18,50
36,28,8,22.22,10.13,7.89,12.48,10.69,14.33,50
41,31,10,24.39,11.13,8.15,12.26,13.2,12.12,50
45,33,12,26.67,10.45,9.42,12.02,13.02,5.39,50
37,29,8,21.62,12.65,7.73,18.11,12.52,15.03,50
34,28,6,17.65,10.57,10.86,10.86,7.37,14.08,50
38,28,10,26.32,9.19,7.7,10.14,12.01,11.22,50
37,20,17,45.95,10.94,13.58,8.78,9.45,10.99,50
40,33,7,17.5,10.5,8.39,12.63,10.66,11.3,50
44,38,6,13.64,10.65,8.87,10.03,12.08,15.73,50
35,23,12,34.29,9.05,7.8,9.36,9.95,12.96,50
39,25,14,35.9,12.07,10.2,13.82,9.68,22.92,50
41,34,7,17.07,9.76,7.99,11.05,8.31,12.14,50
41,31,10,24.39,11.43,8.45,13.1,19.9,12.1,50
30,26,4,13.33,9.49,7.34,9.48,10.79,14.1,50
40,24,16,40.0,11.73,11.49,14.75,9.16,12.35,50
38,28,10,26.32,10.53,11.68,8.23,10.89,9.95,50
37,23,14,37.84,11.02,9.2,12.5,11.74,6.91,50
42,27,15,35.71,13.08,13.72,10.95,13.57,12.91,50
36,26,10,27.78,11.37,8.58,11.44,13.48,14.59,50
40,28,12,30.0,9.42,7.56,10.01,10.21,12.29,50
39,26,13,33.33,10.43,8.51,10.86,7.72,15.51,50
45,32,13,28.89,9.87,9.05,11.25,12.38,8.4,50
44,28,16,36.36,11.01,9.76,12.53,12.41,9.54,50
36,26,10,27.78,10.61,10.75,10.81,9.32,13.03,50
45,32,13,28.89,9.77,9.3,11.02,8.78,10.1,50
44,31,13,29.55,10.52,10.54,10.96,10.84,7.01,50
45,25,20,44.44,9.83,10.17,9.06,10.06,9.01,50
40,25,15,37.5,10.75,9.55,10.55,12.46,12.02,50
42,31,11,26.19,10.46,10.3,9.12,17.28,9.78,50
32,20,12,37.5,10.29,7.71,11.01,11.66,9.99,50
35,26,9,25.71,11.06,9.08,8.23,14.14,12.79,50
42,27,15,35.71,12.23,9.57,12.21,18.68,14.24,50
40,34,6,15.0,10.25,8.88,9.21,11.67,13.46,50
40,24,16,40.0,10.58,8.72,11.48,12.32,9.99,50
40,23,17,42.5,9.34,7.68,8.58,14.02,7.38,50
40,27,13,32.5,9.65,7.2,10.68,8.87,12.82,50
38,27,11,28.95,12.26,11.32,12.84,13.55,11.64,50
23,18,5,21.74,8.62,7.54,7.72,8.54,10.81,50
31,26,5,16.13,10.44,10.5,10.63,9.94,10.44,50
35,26,9,25.71,13.26,12.49,15.82,11.37,12.84,50
34,18,16,47.06,8.3,7.9,8.77,7.87,10.79,50
29,22,7,24.14,10.08,8.24,10.59,11.43,10.26,50
26,23,3,11.54,9.1,9.67,11.29,10.44,7.15,50
41,32,9,21.95,11.05,9.5,13.02,10.16,14.19,50
40,30,10,25.0,8.69,7.94,8.88,10.32,8.8,50
35,21,14,40.0,9.58,10.17,6.67,9.61,9.38,50
41,33,8,19.51,11.76,7.42,14.68,12.05,17.36,50
47,27,20,42.55,11.52,8.49,14.07,11.08,13.69,50
34,22,12,35.29,9.52,9.5,8.26,10.75,10.33,50
42,27,15,35.71,11.33,11.09,9.03,17.53,12.91,50
36,30,6,16.67,11.55,8.71,12.64,11.67,11.55,50
38,32,6,15.79,11.16,10.16,12.2,12.58,9.12,50
45,35,10,22.22,9.41,8.76,8.62,11.49,11.41,50
43,27,16,37.21,10.88,8.72,12.5,10.87,15.72,50
39,28,11,28.21,9.79,9.65,9.18,10.81,10.41,50
42,36,6,14.29,9.34,9.6,9.67,8.34,8.03,50
38,30,8,21.05,10.57,8.95,11.63,12.64,11.55,50
36,25,11,30.56,9.5,7.67,11.73,12.06,7.57,50
28,25,3,10.71,8.81,9.23,8.7,8.86,7.17,50
47,25,22,46.81,10.39,8.36,11.72,13.05,11.14,50
41,38,3,7.32,10.36,8.6,11.18,11.34,11.93,50
36,29,7,19.44,8.98,9.67,9.23,7.75,8.82,50
33,17,16,48.48,10.44,11.97,8.4,12.75,10.34,50
38,31,7,18.42,9.85,7.31,9.58,10.83,11.74,50
49,37,12,24.49,9.11,7.67,10.19,10.29,9.25,50
43,30,13,30.23,11.58,10.84,8.88,12.59,16.3,50
40,33,7,17.5,11.1,10.46,10.51,12.54,10.45,50
32,21,11,34.38,10.28,9.21,8.3,12.52,11.49,50
41,28,13,31.71,11.7,13.57,9.75,11.86,7.63,50
38,29,9,23.68,9.2,7.99,8.83,9.71,12.74,50
39,29,10,25.64,11.22,8.42,10.72,14.43,12.59,50
34,26,8,23.53,11.11,8.69,12.73,12.86,15.54,50
42,25,17,40.48,10.61,10.57,10.48,11.85,9.35,50
43,35,8,18.6,10.67,9.03,11.79,12.11,11.02,50
41,34,7,17.07,10.28,9.22,12.13,9.41,11.01,50
35,28,7,20.0,9.71,7.81,9.95,10.75,11.3,50
45,33,12,26.67,10.21,8.9,11.31,9.88,13.21,50
44,28,16,36.36,10.37,7.92,15.21,12.33,10.8,50
43,38,5,11.63,9.46,8.52,7.89,10.65,14.3,50
42,22,20,47.62,9.64,8.08,11.74,8.25,12.49,50
29,23,6,20.69,10.43,10.98,9.95,12.87,8.18,50
40,29,11,27.5,11.15,7.53,10.99,13.64,14.27,50
33,30,3,9.09,10.78,9.78,10.88,12.68,10.47,50
33,33,0,0.0,8.61,8.37,7.17,10.99,8.49,50
41,24,17,41.46,9.17,9.68,10.18,8.09,7.58,50
37,23,14,37.84,9.49,8.1,8.9,12.79,8.69,50
38,26,12,31.58,10.51,7.56,11.66,11.9,10.81,50
48,39,9,18.75,9.55,8.47,9.87,10.81,9.81,50
45,28,17,37.78,10.02,7.27,11.06,10.77,11.66,50
37,32,5,13.51,11.79,10.76,11.74,13.56,11.64,50
41,36,5,12.2,8.63,7.34,7.86,13.04,8.42,50
35,31,4,11.43,11.79,11.03,11.42,13.11,11.35,50
31,26,5,16.13,11.69,8.92,11.32,15.19,11.15,50
40,29,11,27.5,10.32,9.89,10.67,10.48,10.43,50
47,27,20,42.55,12.34,10.68,12.18,14.78,15.64,50
39,26,13,33.33,11.73,11.92,11.78,9.38,13.21,50
37,28,9,24.32,9.5,8.17,8.97,10.11,11.32,50
46,32,14,30.43,10.2,9.02,10.54,9.15,13.62,50
37,22,15,40.54,11.41,12.32,9.91,13.68,7.74,50
39,35,4,10.26,9.19,8.03,10.08,10.75,9.33,50
33,25,8,24.24,11.14,10.71,9.49,13.59,11.07,50
38,33,5,13.16,9.24,8.78,12.87,8.2,9.38,50
45,30,15,33.33,10.57,10.16,10.48,12.01,8.97,50
37,23,14,37.84,9.75,7.17,13.09,12.69,10.36,50
39,32,7,17.95,11.0,8.88,13.12,12.7,12.87,50
25,18,7,28.0,9.4,9.4,8.31,7.47,12.7,50
35,27,8,22.86,7.52,7.2,7.06,7.81,8.8,50
32,25,7,21.88,9.64,7.37,11.06,9.95,9.94,50
31,26,5,16.13,10.68,11.44,10.21,11.57,9.6,50
38,22,16,42.11,9.92,8.76,8.38,10.74,11.96,50
43,32,11,25.58,11.05,10.58,11.63,11.41,0,50
41,27,14,34.15,11.26,9.66,9.61,14.22,13.8,50
43,25,18,41.86,11.75,9.53,12.8,14.51,15.45,50
47,34,13,27.66,9.64,7.87,7.68,12.26,16.7,50
35,24,11,31.43,9.98,8.09,11.04,12.06,13.28,50
43,37,6,13.95,9.41,7.48,11.14,9.01,10.67,50
42,35,7,16.67,10.39,10.72,8.22,12.04,10.57,50
40,25,15,37.5,11.88,9.46,13.66,12.6,11.75,50
45,31,14,31.11,9.95,8.16,8.87,11.56,14.68,50
45,28,17,37.78,9.81,9.58,9.81,10.56,7.39,50
32,21,11,34.38,9.72,8.89,11.08,8.38,12.28,50
41,35,6,14.63,10.33,7.25,12.65,8.66,14.65,50
47,34,13,27.66,9.74,7.89,8.88,12.33,7.77,50
48,34,14,29.17,10.56,8.25,11.75,12.02,13.39,50
50,36,14,28.0,11.38,8.27,13.92,14.79,10.2,50
43,24,19,44.19,10.96,8.46,13.44,11.55,7.99,50
45,33,12,26.67,9.71,7.76,11.75,11.24,10.06,50
34,22,12,35.29,9.38,8.98,9.43,10.8,8.58,50
39,26,13,33.33,9.47,7.87,12.14,8.64,10.45,50
44,27,17,38.64,10.33,10.39,10.91,9.91,7.35,50
36,27,9,25.0,11.31,13.29,11.71,9.19,10.24,50
42,32,10,23.81,9.75,8.77,10.39,10.51,10.79,50
46,30,16,34.78,10.93,8.42,11.02,14.64,12.54,50
46,36,10,21.74,8.67,8.54,7.87,9.2,11.05,50
41,26,15,36.59,9.24,9.46,9.46,9.44,6.65,50
43,25,18,41.86,10.44,9.86,10.4,11.92,6.23,50
37,21,16,43.24,10.45,9.71,13.72,8.59,13.4,50
37,27,10,27.03,9.58,7.14,6.91,12.73,12.96,50
41,24,17,41.46,10.53,7.56,12.35,12.07,12.5,50
29,21,8,27.59,12.01,10.74,10.44,15.85,7.06,50
33,18,15,45.45,9.99,8.36,11.12,10.8,7.25,50
40,28,12,30.0,9.43,9.68,8.44,9.15,9.77,50
43,20,23,53.49,9.22,8.69,9.91,8.65,11.04,50
32,20,12,37.5,10.27,7.96,10.02,13.76,12.34,50
35,21,14,40.0,10.86,9.17,9.35,12.83,12.21,50
38,29,9,23.68,10.96,11.32,7.69,11.72,14.73,50
39,33,6,15.38,9.34,8.3,10.48,8.41,11.59,50
41,26,15,36.59,10.81,7.42,10.43,14.14,11.07,50
39,30,9,23.08,11.42,10.23,12.82,9.39,13.41,50
37,25,12,32.43,10.23,9.23,10.71,10.84,10.07,50
37,30,7,18.92,9.48,9.74,7.29,12.07,9.15,50
33,21,12,36.36,11.11,8.17,12.59,12.55,12.62,50
42,21,21,50.0,9.66,7.74,11.2,15.54,8.79,50
43,32,11,25.58,10.02,9.74,9.89,10.42,12.91,50
43,28,15,34.88,9.6,8.69,8.95,12.21,8.38,50
42,34,8,19.05,8.26,7.94,7.06,9.46,9.33,50
34,24,10,29.41,10.09,7.12,12.08,13.52,11.99,50
38,27,11,28.95,8.8,8.92,8.86,13.62,6.49,50
33,22,11,33.33,9.77,9.28,9.66,11.05,9.76,50
38,33,5,13.16,9.89,9.29,9.53,10.79,10.47,50
33,23,10,30.3,8.5,6.82,9.7,7.05,11.77,50
47,24,23,48.94,8.46,7.65,10.42,7.39,9.85,50
46,31,15,32.61,9.7,10.12,9.44,8.54,9.72,50
41,31,10,24.39,10.3,8.44,12.26,10.67,10.45,50
44,34,10,22.73,9.89,8.06,12.86,10.79,9.9,50
40,29,11,27.5,11.44,9.68,11.67,11.37,14.84,50
35,25,10,28.57,11.11,10.07,12.35,10.36,12.11,50
40,30,10,25.0,10.88,8.42,12.27,11.94,13.82,50
36,26,10,27.78,9.07,7.67,9.07,8.98,13.33,50
39,29,10,25.64,9.33,9.15,11.41,7.11,10.19,50
45,39,6,13.33,9.78,9.81,10.01,9.58,9.8,50
42,28,14,33.33,11.14,10.11,10.79,12.22,11.3,50
36,27,9,25.0,11.02,10.07,13.91,13.87,8.47,50
39,28,11,28.21,9.57,7.4,10.19,10.25,12.78,50
38,24,14,36.84,10.0,8.35,9.65,16.08,10.04,50
35,25,10,28.57,8.92,7.11,9.29,10.76,18.91,50
36,31,5,13.89,9.74,8.25,10.47,7.67,10.28,50
42,29,13,30.95,8.58,6.61,9.58,10.93,10.08,50
37,29,8,21.62,11.54,8.53,14.75,9.86,14.24,50
43,36,7,16.28,8.97,8.37,9.73,8.77,8.34,50
43,32,11,25.58,8.93,7.33,9.51,10.45,7.83,50
45,29,16,35.56,9.06,7.14,11.01,9.93,9.57,50
42,36,6,14.29,9.24,6.75,9.71,10.87,10.38,50
43,38,5,11.63,10.04,8.37,10.68,10.59,15.09,50
34,28,6,17.65,11.11,8.18,14.44,11.39,11.32,50
40,28,12,30.0,10.63,9.51,12.56,10.95,9.88,50
40,32,8,20.0,9.98,7.14,10.37,12.98,9.15,50
40,28,12,30.0,9.69,6.71,10.55,11.16,8.6,50
46,25,21,45.65,11.97,11.82,11.31,12.52,13.76,50
34,29,5,14.71,9.51,7.35,7.8,11.59,11.14,50
45,32,13,28.89,12.2,12.05,12.91,12.32,10.15,50
43,31,12,27.91,13.48,11.82,14.6,15.92,9.87,50
43,30,13,30.23,10.92,11.69,11.9,9.8,8.58,50
40,30,10,25.0,10.11,9.56,11.19,9.96,8.07,50
36,28,8,22.22,10.04,8.29,11.72,11.33,8.8,50
40,25,15,37.5,11.21,11.58,9.52,14.38,10.81,50
38,30,8,21.05,9.58,9.74,8.62,11.47,7.63,50
33,29,4,12.12,9.4,7.04,9.63,6.76,11.82,50
39,26,13,33.33,10.27,7.85,11.9,12.18,9.33,50
34,27,7,20.59,8.82,8.43,7.13,7.75,16.5,50
45,32,13,28.89,10.85,8.13,14.3,9.82,12.18,50
38,25,13,34.21,9.93,9.1,11.35,10.71,5.97,50
42,27,15,35.71,10.18,10.51,9.9,9.82,10.95,50
37,31,6,16.22,9.85,7.15,12.52,9.26,13.07,50
48,35,13,27.08,10.82,8.91,14.21,10.09,11.75,50
37,28,9,24.32,10.05,8.48,13.7,10.5,10.19,50
41,23,18,43.9,10.28,9.08,11.47,9.38,12.79,50
41,27,14,34.15,11.28,10.17,10.37,11.92,13.83,50
31,25,6,19.35,10.52,9.13,10.56,9.48,15.32,50
38,25,13,34.21,9.32,9.71,7.34,10.82,8.15,50
24,20,4,16.67,12.14,9.68,10.24,16.81,10.64,50
34,18,16,47.06,9.77,8.34,8.22,10.72,13.17,50
47,30,17,36.17,9.62,10.08,7.87,10.28,9.04,50
40,31,9,22.5,8.71,6.75,8.82,11.09,9.56,50
39,20,19,48.72,12.09,13.73,10.85,12.97,8.9,50
43,31,12,27.91,10.22,8.43,11.95,10.98,12.31,50
39,32,7,17.95,10.52,7.68,13.54,11.4,7.83,50
36,27,9,25.0,11.39,10.63,12.21,11.37,12.86,50
45,33,12,26.67,11.7,10.34,12.06,14.71,7.01,50
37,22,15,40.54,11.24,10.05,11.31,12.43,13.06,50
39,33,6,15.38,9.53,7.24,8.92,14.5,13.33,50
41,27,14,34.15,11.33,9.27,13.06,11.62,11.57,50
37,31,6,16.22,11.19,10.72,11.11,12.94,6.54,50
40,24,16,40.0,9.53,8.26,10.19,8.55,14.8,50
49,30,19,38.78,10.88,9.94,11.77,13.77,10.03,50
28,26,2,7.14,9.29,7.86,12.01,9.22,8.68,50
36,29,7,19.44,9.41,9.71,9.3,10.24,7.91,50
45,33,12,26.67,9.5,8.4,10.97,9.43,10.1,50
42,35,7,16.67,10.56,8.58,10.56,11.39,14.69,50
44,29,15,34.09,12.43,12.4,10.96,12.77,14.51,50
37,28,9,24.32,11.2,10.17,12.26,8.11,13.4,50
37,30,7,18.92,11.36,7.91,12.54,12.09,13.66,50
33,26,7,21.21,10.2,7.97,11.66,14.05,7.77,50
38,29,9,23.68,9.01,8.08,10.16,5.73,10.74,50
35,28,7,20.0,9.63,5.73,11.8,9.72,9.3,50
33,26,7,21.21,11.02,7.88,10.61,14.31,13.43,50
40,29,11,27.5,10.35,9.67,10.69,10.41,11.02,50
40,31,9,22.5,11.27,12.1,8.45,12.94,12.37,50
31,23,8,25.81,9.49,8.72,9.3,10.92,7.58,50
39,30,9,23.08,9.02,7.75,10.45,8.28,9.6,50
40,33,7,17.5,10.98,10.42,9.2,13.33,12.43,50
44,28,16,36.36,9.79,9.77,11.03,6.45,12.84,50
39,26,13,33.33,9.14,6.88,9.12,12.29,13.28,50
48,39,9,18.75,9.91,7.93,11.11,11.1,11.43,50
49,28,21,42.86,9.38,10.25,9.2,7.98,9.07,50
48,33,15,31.25,10.28,8.9,11.25,13.01,9.3,50
38,30,8,21.05,9.95,8.94,8.62,11.28,9.72,50
50,33,17,34.0,10.83,9.09,11.86,10.27,28.33,50
41,33,8,19.51,9.35,7.9,10.06,11.72,9.56,50
38,32,6,15.79,9.91,8.07,10.42,10.86,11.27,50
47,30,17,36.17,9.21,8.86,11.12,8.45,5.53,50
42,33,9,21.43,9.87,9.21,10.24,10.76,8.24,50
35,20,15,42.86,11.31,12.37,11.85,10.43,8.51,50
37,29,8,21.62,10.69,9.27,11.81,8.79,12.56,50
45,26,19,42.22,9.84,8.39,11.86,7.14,13.0,50
42,28,14,33.33,10.41,9.43,10.86,12.21,8.26,50
37,29,8,21.62,11.05,9.09,9.85,16.2,11.47,50
28,25,3,10.71,9.3,6.73,8.35,10.81,11.78,50
35,26,9,25.71,8.95,5.81,11.24,10.8,9.05,50
38,26,12,31.58,11.52,9.75,11.14,15.03,10.66,50
40,33,7,17.5,9.11,7.71,10.52,10.05,8.46,50
28,21,7,25.0,9.89,11.15,7.88,9.93,10.38,50
42,26,16,38.1,10.59,8.87,10.47,12.69,13.38,50
37,30,7,18.92,9.4,7.83,9.39,8.53,13.48,50
44,29,15,34.09,9.72,8.97,10.27,10.99,9.03,50
39,33,6,15.38,10.58,9.69,9.99,10.49,13.41,50
34,27,7,20.59,10.33,7.34,11.34,13.77,8.34,50
41,24,17,41.46,9.96,8.66,9.18,14.11,10.18,50
48,34,14,29.17,10.69,11.62,8.77,10.84,10.59,50
44,29,15,34.09,12.2,13.32,10.22,13.55,13.37,50
36,20,16,44.44,8.99,6.27,9.84,11.52,10.27,50
40,23,17,42.5,10.39,7.34,13.73,12.58,12.1,50
40,30,10,25.0,9.16,7.45,10.46,10.07,9.82,50
43,23,20,46.51,10.39,9.24,12.36,9.86,11.28,50
39,27,12,30.77,10.17,8.66,11.77,9.68,11.05,50
44,17,27,61.36,11.14,11.35,10.4,14.49,8.62,50
45,26,19,42.22,8.84,8.03,10.82,5.84,9.18,50
47,26,21,44.68,9.98,9.8,11.54,7.92,13.67,50
37,25,12,32.43,9.45,9.07,8.74,8.29,14.61,50
33,24,9,27.27,10.36,8.02,11.12,11.53,10.16,50
34,28,6,17.65,11.44,9.09,12.18,14.49,10.53,50
34,31,3,8.82,9.32,8.35,7.22,12.65,11.4,50
44,24,20,45.45,10.03,8.88,10.39,12.93,6.73,50
43,28,15,34.88,9.93,8.15,12.48,9.47,0,50
38,25,13,34.21,12.11,10.76,12.57,11.25,15.45,50
41,31,10,24.39,9.77,9.11,10.85,8.47,9.78,50
45,33,12,26.67,9.97,9.61,8.07,11.31,10.94,50
31,26,5,16.13,8.96,10.1,8.39,8.72,7.76,50
36,24,12,33.33,10.45,7.9,9.52,10.36,15.43,50
44,26,18,40.91,9.52,9.74,10.22,8.6,8.16,50
46,25,21,45.65,10.86,10.99,9.85,14.58,9.5,50
37,35,2,5.41,11.08,7.82,12.28,13.03,10.12,50
45,31,14,31.11,10.1,9.89,9.48,9.51,11.84,50
45,28,17,37.78,9.19,7.8,8.45,12.88,10.63,50
46,31,15,32.61,11.93,9.93,12.43,14.5,13.79,50
40,24,16,40.0,10.49,9.76,11.35,11.15,9.7,50
30,24,6,20.0,8.97,8.27,7.1,10.04,11.09,50
45,23,22,48.89,10.16,7.03,12.33,12.1,9.43,50
41,33,8,19.51,9.16,6.89,9.97,11.8,12.42,50
39,33,6,15.38,9.88,8.6,9.82,9.89,12.34,50
43,31,12,27.91,9.73,10.11,10.57,9.36,7.04,50
43,19,24,55.81,9.51,9.81,7.65,12.21,7.19,50
47,24,23,48.94,9.78,8.34,11.88,8.6,11.39,50
41,33,8,19.51,11.66,8.41,11.19,13.33,19.29,50
45,33,12,26.67,9.17,7.89,9.61,9.28,16.41,50
47,27,20,42.55,9.01,7.82,7.88,11.31,13.24,50
28,27,1,3.57,8.87,5.8,8.69,10.79,10.96,50
46,37,9,19.57,9.12,7.2,8.43,11.17,11.72,50
50,28,22,44.0,10.15,7.81,12.69,9.06,13.44,50
33,22,11,33.33,12.08,8.89,15.66,13.71,13.08,50
45,20,25,55.56,10.83,9.63,7.38,16.73,10.77,50
37,31,6,16.22,9.36,8.31,10.09,10.46,10.11,50
37,30,7,18.92,10.24,8.75,12.66,6.5,13.27,50
40,30,10,25.0,9.14,9.27,8.27,10.74,9.73,50
40,22,18,45.0,8.67,9.3,8.11,7.68,12.83,50
47,22,25,53.19,8.64,8.19,11.57,0,4.51,50
37,17,20,54.05,10.24,8.56,8.61,14.35,5.33,50
41,36,5,12.2,10.98,9.95,10.97,13.72,10.41,50
41,31,10,24.39,10.07,9.83,8.82,12.66,11.3,50
44,28,16,36.36,8.91,9.42,7.47,10.85,9.03,50
37,23,14,37.84,11.22,9.75,11.83,12.59,10.23,50
42,26,16,38.1,9.56,9.22,9.66,7.45,15.23,50
34,26,8,23.53,11.14,11.5,11.92,9.45,10.32,50
43,29,14,32.56,9.27,10.21,7.48,10.74,8.61,50
39,21,18,46.15,10.6,8.62,14.02,9.67,8.17,50
40,27,13,32.5,10.35,8.11,9.3,13.87,15.06,50
42,27,15,35.71,10.18,7.52,12.12,12.32,11.24,50
53,32,21,39.62,10.26,9.88,10.26,11.7,7.63,50
43,28,15,34.88,10.88,11.15,9.96,7.76,12.19,50
41,29,12,29.27,10.33,9.23,12.59,10.72,9.61,50
35,27,8,22.86,10.04,6.14,10.43,10.79,12.7,50
43,35,8,18.6,11.44,10.55,12.33,14.17,7.79,50
34,31,3,8.82,9.34,7.12,10.12,11.0,9.44,50
50,29,21,42.0,11.63,8.24,12.51,18.49,13.38,50
41,34,7,17.07,11.21,10.59,11.29,11.08,12.24,50
46,36,10,21.74,10.84,8.56,10.98,13.13,12.26,50
35,29,6,17.14,10.07,9.2,8.71,10.87,13.81,50
31,24,7,22.58,12.28,12.02,11.12,14.01,13.2,50
52,36,16,30.77,10.86,9.24,11.91,8.9,17.4,50
45,30,15,33.33,9.46,7.47,11.79,11.67,10.32,50
34,24,10,29.41,10.02,9.68,12.47,9.86,7.48,50
40,32,8,20.0,10.45,8.43,12.72,11.08,7.43,50
39,23,16,41.03,11.38,10.43,10.62,12.85,11.67,50
45,38,7,15.56,9.92,6.69,12.29,12.35,13.1,50
41,36,5,12.2,9.67,8.35,12.36,11.03,9.8,50
42,22,20,47.62,11.36,12.56,10.52,11.36,9.04,50
41,26,15,36.59,9.9,7.65,10.4,10.42,13.78,50
37,30,7,18.92,8.86,5.6,10.3,9.41,8.56,50
43,30,13,30.23,10.7,10.12,9.01,11.07,13.82,50
54,34,20,37.04,10.46,8.89,11.93,11.8,7.15,50
37,34,3,8.11,11.25,10.8,8.88,13.16,12.82,50
39,29,10,25.64,9.47,7.64,10.72,11.78,7.76,50
40,29,11,27.5,11.25,8.66,12.55,11.14,14.5,50
40,26,14,35.0,8.65,7.06,10.45,9.53,8.96,50
36,25,11,30.56,12.29,10.38,14.24,12.57,9.25,50
40,27,13,32.5,10.8,7.02,13.14,15.85,10.41,50
38,31,7,18.42,11.46,8.94,9.69,13.33,13.31,50
37,24,13,35.14,11.31,10.28,13.79,9.93,10.02,50
42,26,16,38.1,11.11,12.09,8.47,11.24,12.65,50
37,25,12,32.43,11.27,9.33,13.4,9.74,13.7,50
41,28,13,31.71,11.66,6.92,16.06,12.61,9.35,50
38,30,8,21.05,8.98,6.95,8.59,10.62,12.8,50
42,31,11,26.19,11.03,9.28,13.15,10.91,9.34,50
35,21,14,40.0,10.72,10.7,11.77,11.1,8.14,50
38,27,11,28.95,10.62,10.18,5.27,12.26,12.14,50
48,36,12,25.0,12.19,10.21,12.27,14.42,14.48,50
36,30,6,16.67,11.45,8.16,13.37,11.5,11.91,50
28,23,5,17.86,11.2,4.57,10.98,11.65,13.95,50
34,23,11,32.35,11.57,9.27,12.04,13.65,10.11,50
46,35,11,23.91,10.05,7.27,11.95,10.6,8.92,50
47,29,18,38.3,11.18,8.87,15.57,12.22,11.14,50
37,21,16,43.24,12.75,11.46,15.46,12.19,9.52,50
41,28,13,31.71,11.05,7.34,11.58,14.43,16.49,50
36,26,10,27.78,11.26,11.17,13.2,12.78,7.79,50
49,31,18,36.73,12.57,10.07,14.4,14.48,12.46,50
45,29,16,35.56,10.97,7.69,12.74,16.59,13.48,50
38,20,18,47.37,10.81,10.03,15.41,10.22,11.85,50
36,31,5,13.89,12.55,11.53,13.25,12.14,13.47,50
42,30,12,28.57,9.6,8.08,9.56,11.44,8.92,50
33,30,3,9.09,11.9,10.42,11.06,13.23,15.57,50
41,30,11,26.83,10.96,7.37,14.36,11.75,9.14,50
37,25,12,32.43,12.91,12.15,12.2,17.18,11.79,50
35,30,5,14.29,10.62,8.41,10.48,15.45,9.67,50
41,29,12,29.27,10.15,7.36,11.7,11.59,13.59,50
41,28,13,31.71,10.43,9.29,10.55,11.76,12.72,50
34,30,4,11.76,9.52,8.22,10.32,9.53,12.38,50
